personID,know_personID
0,747
0,931
0,719
0,67
0,57
0,765
1,836
1,468
1,261
1,176
1,641
1,362
1,202
2,652
2,548
2,767
2,89
2,164
3,116
3,256
3,94
3,48
3,739
4,852
4,54
4,629
4,711
4,650
4,102
4,239
4,995
5,626
5,838
5,477
5,193
6,376
6,637
6,935
6,912
6,100
6,423
6,509
6,477
7,219
7,663
7,469
7,277
7,42
7,741
7,774
7,340
8,28
8,155
8,577
8,985
8,976
9,401
9,268
9,171
9,325
9,379
9,202
10,526
10,366
10,211
10,248
10,112
11,122
11,278
11,595
11,96
11,299
11,714
11,563
11,346
12,102
12,289
12,747
12,258
12,418
12,475
12,756
13,561
13,859
13,706
13,1
13,884
13,63
13,488
13,660
14,349
14,806
14,532
14,263
14,962
14,401
15,113
15,272
15,831
15,53
15,645
15,100
16,431
16,110
16,573
16,611
16,337
17,291
17,901
17,167
17,356
17,995
18,574
18,53
18,591
18,873
18,162
19,531
19,189
19,152
19,430
19,627
19,114
20,181
20,607
20,818
20,595
20,918
20,831
20,684
20,455
21,281
21,264
21,318
21,492
21,394
21,14
21,852
22,339
22,903
22,824
22,317
22,986
23,85
23,817
23,647
23,36
23,149
23,992
23,964
23,981
24,217
24,166
24,882
24,83
24,854
24,315
24,467
25,111
25,794
25,325
25,189
25,492
25,276
25,577
26,242
26,480
26,290
26,925
26,669
26,644
27,885
27,778
27,33
27,586
28,599
28,474
28,691
28,739
28,447
28,901
28,850
28,751
29,974
29,974
29,582
29,940
29,783
29,151
29,724
30,612
30,176
30,458
30,352
30,269
30,322
30,742
30,854
31,543
31,615
31,581
31,499
32,313
32,101
32,599
32,434
33,79
33,608
33,764
33,713
33,788
33,916
34,445
34,77
34,672
34,465
35,772
35,710
35,796
35,231
35,997
35,844
35,295
35,207
36,236
36,307
36,503
36,154
36,823
36,889
37,972
37,397
37,462
37,551
37,423
37,531
38,863
38,653
38,780
38,517
38,705
38,920
38,343
39,172
39,227
39,339
39,726
39,894
39,660
39,616
40,901
40,32
40,997
40,923
40,953
41,579
41,496
41,113
41,42
41,115
41,725
41,774
42,145
42,858
42,952
42,815
42,569
42,911
42,600
43,566
43,116
43,659
43,703
43,658
44,504
44,575
44,297
44,605
44,237
45,192
45,386
45,111
45,537
45,171
45,130
45,620
45,303
46,664
46,345
46,2
46,921
46,369
46,779
47,512
47,614
47,713
47,527
47,298
47,660
47,696
48,838
48,345
48,977
48,210
48,490
48,205
48,578
49,209
49,573
49,448
49,418
49,190
49,664
49,324
50,208
50,595
50,15
50,51
51,648
51,580
51,755
51,483
51,459
51,690
51,602
51,779
52,521
52,174
52,566
52,420
52,468
52,14
52,267
52,900
53,343
53,9
53,513
53,143
54,265
54,754
54,566
54,472
55,684
55,665
55,125
55,256
56,162
56,379
56,492
56,509
56,868
56,748
56,988
57,719
57,655
57,398
57,270
57,884
58,571
58,44
58,700
58,466
58,34
58,448
58,85
58,850
59,87
59,831
59,948
59,989
60,441
60,310
60,283
60,615
60,54
60,955
60,369
60,610
61,919
61,341
61,882
61,474
61,822
61,785
61,206
62,715
62,124
62,793
62,682
62,518
62,348
63,805
63,518
63,249
63,81
63,937
63,519
64,100
64,419
64,32
64,721
64,259
65,248
65,494
65,625
65,98
66,449
66,854
66,832
66,282
67,915
67,579
67,83
67,108
67,905
67,620
67,743
67,649
68,431
68,446
68,954
68,897
68,567
68,22
69,379
69,602
69,490
69,834
70,114
70,659
70,407
70,693
70,555
70,413
70,422
70,857
71,828
71,766
71,85
71,47
71,176
71,139
71,810
72,72
72,365
72,598
72,106
72,896
72,462
72,687
73,400
73,617
73,963
73,24
74,949
74,794
74,46
74,419
74,921
74,575
75,219
75,288
75,324
75,973
75,770
76,846
76,667
76,873
76,989
76,697
76,517
76,225
76,246
77,255
77,599
77,606
77,800
77,320
77,976
77,481
77,518
78,49
78,39
78,874
78,494
78,370
78,396
78,244
78,630
79,407
79,559
79,440
79,808
80,673
80,915
80,219
80,350
80,822
81,305
81,775
81,531
81,577
82,78
82,105
82,302
82,860
82,445
82,483
82,356
83,586
83,123
83,194
83,528
83,744
83,887
83,944
84,120
84,142
84,631
84,245
84,541
85,68
85,396
85,119
85,688
85,452
86,701
86,784
86,559
86,424
87,65
87,275
87,533
87,205
87,340
87,810
87,908
88,31
88,892
88,150
88,355
89,343
89,164
89,314
89,645
90,523
90,888
90,527
90,510
90,260
90,718
90,875
90,179
91,354
91,89
91,15
91,102
91,635
91,166
92,6
92,315
92,471
92,435
92,321
93,997
93,173
93,540
93,82
93,532
93,885
93,921
94,2
94,385
94,905
94,435
94,464
94,775
95,26
95,930
95,900
95,300
95,312
95,829
96,67
96,652
96,703
96,740
97,553
97,355
97,313
97,712
97,644
97,24
97,7
98,126
98,642
98,123
98,318
99,79
99,28
99,927
99,63
99,749
100,624
100,120
100,588
100,933
100,401
100,496
100,172
101,886
101,94
101,141
101,822
101,73
101,545
101,806
102,895
102,965
102,901
102,115
102,672
103,722
103,532
103,988
103,836
103,542
103,443
103,264
104,314
104,481
104,495
104,458
105,952
105,518
105,486
105,101
105,985
105,442
105,417
106,619
106,648
106,446
106,995
106,970
106,878
107,902
107,826
107,598
107,294
107,189
107,330
108,397
108,71
108,537
108,762
108,263
108,770
108,28
108,873
109,535
109,760
109,496
109,883
109,517
110,729
110,397
110,468
110,784
110,866
110,897
111,496
111,778
111,618
111,635
111,943
111,890
111,394
111,682
112,589
112,464
112,633
112,112
112,643
112,162
112,408
113,974
113,202
113,190
113,874
113,981
113,979
113,676
113,187
114,29
114,808
114,521
114,197
114,523
114,80
115,935
115,895
115,682
115,962
116,698
116,184
116,228
116,730
116,951
116,636
117,618
117,423
117,949
117,666
117,44
118,430
118,193
118,800
118,384
118,891
118,155
118,864
118,577
119,607
119,510
119,766
119,6
120,555
120,684
120,7
120,127
120,733
120,679
121,812
121,662
121,887
121,946
121,364
122,980
122,201
122,870
122,846
122,182
122,319
123,194
123,226
123,0
123,195
123,74
123,450
124,18
124,147
124,20
124,857
124,428
124,303
125,80
125,754
125,149
125,128
125,498
125,119
126,691
126,47
126,655
126,348
126,364
126,166
126,733
127,166
127,707
127,560
127,906
128,612
128,657
128,977
128,580
128,603
129,659
129,493
129,196
129,706
129,84
130,186
130,959
130,240
130,502
130,146
130,836
130,190
131,61
131,387
131,528
131,533
131,400
132,366
132,34
132,563
132,961
133,288
133,956
133,665
133,16
133,859
134,724
134,266
134,927
134,33
135,595
135,193
135,309
135,591
135,291
135,86
136,347
136,202
136,182
136,149
136,266
136,47
137,103
137,100
137,958
137,862
137,974
137,24
137,154
137,300
138,671
138,909
138,948
138,675
138,128
138,956
139,513
139,651
139,222
139,704
139,890
139,403
139,689
139,135
140,868
140,369
140,503
140,7
141,238
141,462
141,867
141,794
141,2
141,581
141,417
142,309
142,563
142,142
142,141
142,396
142,222
142,660
142,244
143,666
143,108
143,764
143,132
144,997
144,235
144,99
144,928
144,130
144,214
144,11
145,910
145,475
145,101
145,170
145,125
145,314
145,516
146,673
146,589
146,53
146,763
146,845
146,26
147,853
147,854
147,38
147,125
147,164
147,596
147,735
147,104
148,908
148,795
148,531
148,956
148,567
148,253
149,639
149,642
149,612
149,379
149,948
149,786
150,113
150,547
150,529
150,427
151,931
151,417
151,797
151,86
151,208
151,259
152,273
152,162
152,343
152,487
152,486
152,553
152,788
153,193
153,71
153,938
153,459
153,84
153,709
154,759
154,433
154,881
154,729
154,869
154,770
154,820
154,772
155,709
155,894
155,614
155,893
155,204
156,148
156,171
156,248
156,893
157,505
157,569
157,582
157,208
158,569
158,960
158,985
158,8
158,145
158,224
159,882
159,227
159,904
159,781
160,23
160,212
160,666
160,407
161,8
161,911
161,851
161,747
162,479
162,490
162,239
162,449
162,578
162,355
162,5
163,780
163,983
163,612
163,702
164,63
164,826
164,939
164,451
164,482
164,640
164,772
164,793
165,552
165,176
165,671
165,765
165,801
165,226
165,388
165,795
166,660
166,670
166,95
166,181
166,340
167,670
167,960
167,442
167,455
167,376
168,632
168,67
168,669
168,240
168,112
168,346
168,32
168,268
169,980
169,454
169,429
169,663
169,142
170,411
170,149
170,559
170,888
171,558
171,533
171,441
171,703
171,284
171,986
171,633
172,664
172,290
172,276
172,365
173,87
173,790
173,609
173,926
173,252
174,242
174,609
174,342
174,748
174,771
174,114
175,202
175,129
175,355
175,91
176,531
176,10
176,345
176,290
176,265
176,65
176,274
176,606
177,163
177,738
177,606
177,508
178,173
178,530
178,337
178,956
179,484
179,278
179,405
179,63
179,881
179,394
179,862
180,712
180,518
180,202
180,594
180,114
180,131
180,276
180,616
181,799
181,416
181,164
181,739
181,439
181,653
181,158
181,23
182,484
182,413
182,393
182,54
182,176
183,90
183,762
183,887
183,177
183,349
184,846
184,937
184,210
184,249
184,92
184,152
184,553
185,710
185,388
185,201
185,193
185,211
185,731
185,741
186,562
186,307
186,899
186,786
186,55
187,339
187,575
187,145
187,40
187,750
187,735
187,404
187,252
188,263
188,369
188,519
188,396
188,851
188,139
188,86
188,183
189,197
189,852
189,578
189,244
189,418
190,278
190,437
190,379
190,86
190,931
190,433
191,189
191,352
191,51
191,38
191,487
191,160
192,874
192,504
192,94
192,107
192,807
193,499
193,948
193,698
193,576
193,858
193,251
193,11
194,526
194,18
194,33
194,672
194,600
194,586
194,896
194,774
195,556
195,370
195,359
195,115
195,625
195,986
196,982
196,536
196,168
196,704
196,813
196,732
197,690
197,204
197,709
197,915
198,788
198,299
198,945
198,503
198,297
198,624
198,868
198,726
199,60
199,487
199,91
199,207
199,554
199,455
200,180
200,8
200,904
200,23
200,905
200,701
200,933
201,760
201,433
201,990
201,611
201,0
201,337
201,920
202,573
202,561
202,372
202,737
202,449
202,613
203,498
203,514
203,35
203,741
203,312
203,144
203,942
203,331
204,415
204,201
204,449
204,384
204,617
204,211
204,208
204,653
205,959
205,957
205,104
205,339
205,297
205,785
205,412
206,111
206,913
206,671
206,164
206,188
207,302
207,264
207,296
207,792
207,522
207,126
207,563
207,538
208,499
208,229
208,152
208,898
209,525
209,840
209,734
209,842
209,109
210,606
210,916
210,224
210,611
210,284
211,601
211,778
211,457
211,929
211,847
211,842
212,707
212,46
212,530
212,109
212,879
212,775
213,490
213,516
213,390
213,60
213,969
213,408
213,703
214,721
214,720
214,486
214,677
214,972
215,933
215,606
215,134
215,116
215,852
215,563
216,751
216,228
216,420
216,645
216,468
216,776
217,250
217,317
217,943
217,500
217,34
217,144
217,474
217,85
218,934
218,757
218,639
218,537
218,101
218,640
219,721
219,430
219,553
219,481
219,645
219,156
219,345
220,430
220,219
220,69
220,907
220,914
221,996
221,928
221,177
221,616
221,281
221,264
222,529
222,912
222,878
222,807
222,595
222,258
222,272
222,89
223,922
223,532
223,927
223,67
223,550
223,337
224,899
224,47
224,125
224,144
224,204
224,919
224,414
224,995
225,353
225,979
225,581
225,317
225,804
225,110
225,841
225,473
226,787
226,337
226,822
226,327
226,408
227,426
227,638
227,665
227,93
227,723
227,802
227,364
228,929
228,670
228,557
228,291
228,52
229,183
229,969
229,930
229,396
229,761
229,604
229,928
230,308
230,19
230,848
230,667
230,382
230,524
230,950
230,49
231,367
231,644
231,217
231,322
231,943
232,656
232,678
232,279
232,955
232,884
233,542
233,230
233,743
233,505
233,79
233,835
233,501
233,573
234,841
234,81
234,430
234,614
234,506
234,982
235,453
235,550
235,994
235,401
235,213
235,295
235,519
236,162
236,73
236,437
236,114
237,216
237,947
237,657
237,571
237,464
237,258
238,792
238,763
238,64
238,561
239,885
239,405
239,979
239,759
239,934
240,223
240,775
240,15
240,452
240,145
240,306
240,164
240,829
241,708
241,632
241,732
241,501
241,64
241,164
242,853
242,955
242,798
242,611
242,416
242,698
243,254
243,184
243,643
243,973
243,611
243,340
243,602
243,551
244,29
244,300
244,480
244,312
244,257
244,148
245,522
245,108
245,446
245,679
246,880
246,331
246,909
246,477
246,32
246,843
246,169
247,1
247,801
247,804
247,785
247,308
247,839
247,705
247,858
248,87
248,515
248,477
248,827
248,868
248,958
248,487
249,666
249,579
249,727
249,733
249,939
250,783
250,306
250,783
250,838
250,909
250,817
250,414
250,738
251,247
251,301
251,33
251,985
252,377
252,179
252,584
252,431
252,788
252,771
253,883
253,471
253,89
253,930
253,308
253,357
253,331
253,650
254,965
254,262
254,74
254,427
255,10
255,856
255,405
255,506
256,1000
256,732
256,184
256,217
256,801
256,172
256,782
256,337
257,527
257,86
257,837
257,945
257,643
257,928
257,392
258,422
258,932
258,810
258,79
258,305
259,635
259,690
259,937
259,876
259,916
259,464
259,683
260,694
260,300
260,713
260,378
260,943
261,600
261,762
261,939
261,161
261,77
261,886
261,869
261,546
262,207
262,244
262,630
262,752
262,521
262,779
262,80
263,392
263,188
263,177
263,49
264,846
264,527
264,352
264,359
264,905
264,730
264,333
264,831
265,128
265,339
265,196
265,15
265,881
265,688
265,913
266,500
266,738
266,551
266,67
267,528
267,21
267,390
267,724
267,278
267,136
268,331
268,660
268,217
268,202
268,799
268,324
269,160
269,296
269,507
269,994
269,494
270,8
270,921
270,801
270,205
270,104
270,906
270,36
271,939
271,582
271,153
271,425
271,856
271,899
272,833
272,177
272,566
272,731
273,988
273,123
273,356
273,817
273,691
273,620
273,628
274,240
274,427
274,871
274,74
274,996
274,932
275,565
275,544
275,153
275,364
275,833
275,840
275,686
275,924
276,770
276,392
276,444
276,945
276,660
276,697
276,992
276,423
277,92
277,32
277,205
277,950
277,326
277,953
277,980
278,371
278,29
278,276
278,531
278,427
278,523
278,828
278,354
279,200
279,667
279,239
279,919
279,66
279,33
279,534
279,601
280,649
280,884
280,2
280,982
280,751
280,726
280,285
281,53
281,514
281,722
281,825
281,907
281,809
281,40
281,541
282,57
282,569
282,383
282,716
282,754
283,900
283,199
283,487
283,324
283,527
283,37
284,540
284,296
284,834
284,883
284,821
285,226
285,614
285,40
285,346
285,369
286,391
286,825
286,530
286,99
286,244
286,228
287,451
287,577
287,462
287,426
287,644
287,289
287,745
288,287
288,770
288,374
288,524
288,313
289,475
289,48
289,301
289,280
289,871
290,889
290,633
290,614
290,692
290,414
291,470
291,614
291,175
291,565
291,696
291,858
292,609
292,567
292,628
292,52
292,971
292,575
292,269
292,127
293,978
293,947
293,447
293,905
294,904
294,316
294,787
294,223
294,923
295,40
295,510
295,906
295,91
295,643
295,814
295,683
295,25
296,182
296,750
296,440
296,715
296,130
296,667
297,51
297,475
297,312
297,585
297,19
298,298
298,239
298,344
298,756
298,112
298,283
299,526
299,43
299,729
299,768
299,329
300,192
300,514
300,249
300,219
300,494
300,81
300,765
301,132
301,698
301,565
301,43
301,928
301,910
301,518
302,730
302,300
302,157
302,856
302,584
302,356
303,355
303,347
303,339
303,252
303,934
303,601
304,193
304,242
304,444
304,747
304,782
305,822
305,66
305,532
305,108
306,587
306,506
306,421
306,937
306,984
307,424
307,77
307,490
307,650
307,303
307,339
307,278
307,211
308,334
308,585
308,236
308,557
308,390
308,408
308,921
308,872
309,552
309,798
309,893
309,779
309,756
309,561
309,431
309,779
310,167
310,385
310,954
310,616
310,290
310,851
311,995
311,322
311,763
311,836
311,821
311,146
311,399
312,535
312,896
312,845
312,155
312,812
312,102
313,484
313,431
313,582
313,297
313,191
313,757
313,284
314,613
314,50
314,300
314,117
314,272
314,152
315,983
315,854
315,3
315,502
315,539
315,604
316,558
316,248
316,313
316,665
316,346
316,492
316,4
317,257
317,551
317,680
317,73
317,422
318,166
318,6
318,375
318,65
319,78
319,724
319,450
319,612
319,660
320,17
320,638
320,898
320,244
320,777
321,221
321,5
321,445
321,618
321,523
321,214
322,145
322,989
322,447
322,420
322,145
322,962
322,613
323,483
323,824
323,114
323,931
324,500
324,869
324,305
324,662
324,272
324,323
324,302
324,625
325,28
325,846
325,961
325,834
325,752
325,963
325,721
326,57
326,830
326,286
326,827
326,1000
327,653
327,199
327,200
327,631
327,216
327,725
327,756
328,822
328,680
328,652
328,716
328,160
328,995
328,351
328,463
329,698
329,985
329,16
329,116
329,470
329,212
330,312
330,98
330,347
330,518
330,477
330,990
330,203
331,866
331,997
331,664
331,68
331,986
332,727
332,317
332,637
332,180
332,271
332,611
332,958
332,287
333,156
333,451
333,307
333,808
333,531
333,889
333,797
334,286
334,313
334,419
334,777
335,457
335,546
335,145
335,972
335,260
335,442
335,62
336,878
336,890
336,734
336,975
336,291
336,159
336,23
337,147
337,216
337,938
337,96
337,706
337,872
337,591
337,110
338,704
338,795
338,27
338,470
338,500
338,988
338,68
338,689
339,975
339,347
339,92
339,702
339,225
340,593
340,283
340,43
340,786
340,164
340,942
341,686
341,721
341,632
341,522
341,471
342,151
342,39
342,264
342,814
342,552
342,105
343,875
343,65
343,840
343,486
344,459
344,917
344,3
344,169
345,732
345,342
345,532
345,319
345,416
346,482
346,564
346,402
346,788
346,530
346,481
347,169
347,157
347,778
347,758
347,273
348,162
348,592
348,963
348,653
348,84
348,871
348,814
348,478
349,455
349,989
349,445
349,361
349,81
349,792
349,930
349,704
350,318
350,511
350,219
350,546
350,534
351,802
351,107
351,827
351,435
352,723
352,922
352,604
352,398
352,875
353,600
353,900
353,513
353,252
353,475
353,621
354,805
354,265
354,455
354,55
354,786
355,84
355,587
355,936
355,428
355,691
355,490
356,71
356,888
356,735
356,983
356,943
357,195
357,41
357,352
357,458
357,613
357,810
358,530
358,286
358,367
358,510
358,131
359,50
359,604
359,554
359,474
359,831
359,420
359,392
359,634
360,546
360,998
360,336
360,976
361,985
361,849
361,55
361,405
362,662
362,152
362,265
362,519
362,905
363,888
363,182
363,70
363,252
363,293
364,440
364,302
364,939
364,538
364,627
364,423
364,270
365,90
365,847
365,164
365,874
365,800
365,503
366,935
366,542
366,380
366,756
366,958
366,33
366,484
367,111
367,785
367,859
367,30
368,823
368,647
368,184
368,395
368,598
368,498
369,754
369,34
369,892
369,185
369,395
369,384
369,339
370,738
370,478
370,434
370,249
370,672
370,19
370,896
370,56
371,679
371,741
371,576
371,783
371,987
371,874
371,794
371,745
372,40
372,536
372,965
372,588
372,642
372,766
372,453
372,855
373,594
373,364
373,437
373,245
373,738
373,68
373,695
374,798
374,253
374,544
374,160
374,177
374,426
375,226
375,386
375,177
375,466
376,283
376,339
376,830
376,71
376,34
377,334
377,413
377,64
377,855
377,235
377,309
377,728
377,360
378,755
378,354
378,970
378,828
378,337
378,613
378,133
378,869
379,578
379,772
379,364
379,760
379,794
380,406
380,330
380,107
380,243
380,624
380,516
380,501
381,216
381,734
381,42
381,908
381,875
381,639
381,712
382,168
382,781
382,390
382,581
383,583
383,144
383,514
383,621
384,776
384,575
384,515
384,699
384,166
384,908
384,529
385,455
385,126
385,137
385,147
385,98
386,81
386,99
386,987
386,988
386,715
386,259
386,54
387,839
387,538
387,584
387,631
387,371
387,27
387,170
387,64
388,432
388,328
388,756
388,194
388,183
388,760
389,794
389,255
389,546
389,897
389,604
389,289
389,632
390,110
390,55
390,54
390,559
390,530
390,935
391,247
391,292
391,320
391,433
391,835
391,778
391,773
392,870
392,337
392,111
392,734
392,708
393,961
393,427
393,882
393,24
393,235
394,494
394,253
394,169
394,884
394,33
394,614
394,587
395,258
395,175
395,276
395,358
395,493
395,918
396,765
396,262
396,2
396,341
397,689
397,75
397,176
397,150
397,932
397,244
398,505
398,37
398,899
398,514
398,11
398,863
398,349
398,546
399,16
399,289
399,423
399,234
400,287
400,47
400,793
400,589
400,343
400,131
401,226
401,967
401,531
401,703
402,802
402,693
402,401
402,962
403,912
403,149
403,440
403,270
403,400
403,120
404,231
404,787
404,57
404,415
404,134
404,123
404,865
404,375
405,243
405,892
405,133
405,781
405,60
406,240
406,708
406,601
406,497
406,443
406,167
407,370
407,32
407,733
407,998
408,354
408,389
408,335
408,584
408,234
408,579
409,270
409,359
409,278
409,46
409,728
410,219
410,299
410,601
410,942
410,329
411,636
411,663
411,80
411,0
411,455
411,307
412,196
412,291
412,992
412,43
413,831
413,178
413,924
413,836
413,72
413,618
414,658
414,118
414,393
414,855
414,990
414,581
414,558
414,258
415,609
415,677
415,342
415,677
415,560
415,544
415,363
416,531
416,324
416,431
416,17
416,871
417,248
417,913
417,192
417,492
417,952
417,815
417,947
418,249
418,21
418,69
418,988
418,342
418,909
419,263
419,183
419,2
419,91
419,530
419,631
419,234
420,939
420,510
420,300
420,809
421,411
421,905
421,692
421,13
421,120
422,480
422,247
422,197
422,617
423,148
423,850
423,473
423,836
423,123
423,281
423,224
423,48
424,387
424,900
424,167
424,2
424,596
425,379
425,23
425,666
425,898
425,70
426,552
426,86
426,999
426,92
426,185
427,816
427,441
427,812
427,135
427,583
427,632
428,895
428,452
428,11
428,970
428,695
428,357
429,637
429,970
429,217
429,427
429,186
429,748
429,288
430,61
430,597
430,216
430,496
430,535
430,778
430,210
430,758
431,510
431,966
431,152
431,731
431,195
431,111
431,950
432,804
432,1
432,330
432,40
432,109
432,238
432,482
433,602
433,31
433,645
433,234
433,552
433,539
433,598
434,23
434,845
434,412
434,494
434,130
434,226
435,798
435,558
435,261
435,472
435,270
435,183
435,304
436,470
436,112
436,212
436,305
436,493
436,660
436,3
437,394
437,284
437,531
437,402
438,182
438,224
438,794
438,120
438,304
438,413
439,231
439,900
439,939
439,828
440,129
440,131
440,497
440,580
441,904
441,404
441,416
441,272
441,470
441,557
442,879
442,23
442,655
442,3
442,496
442,265
442,499
443,933
443,110
443,479
443,79
444,291
444,265
444,80
444,389
444,710
444,778
444,330
445,733
445,19
445,967
445,66
445,736
445,458
446,534
446,330
446,231
446,964
446,601
446,768
446,652
447,315
447,64
447,23
447,897
447,135
447,844
448,898
448,85
448,37
448,776
448,87
448,684
448,414
448,119
449,133
449,79
449,714
449,902
450,592
450,77
450,649
450,27
450,439
450,659
451,253
451,473
451,972
451,445
452,666
452,705
452,163
452,582
453,869
453,957
453,924
453,781
453,365
453,199
454,374
454,532
454,535
454,675
454,256
455,452
455,443
455,227
455,317
455,677
455,541
455,768
456,800
456,229
456,238
456,711
456,699
456,532
456,611
457,771
457,910
457,808
457,438
457,352
458,852
458,727
458,757
458,964
458,105
458,885
459,890
459,18
459,397
459,877
459,449
459,546
459,412
460,505
460,50
460,158
460,108
461,121
461,935
461,37
461,278
461,776
461,509
461,939
462,855
462,723
462,28
462,337
462,236
462,10
462,878
463,276
463,584
463,134
463,460
464,260
464,282
464,973
464,911
464,372
464,142
464,473
465,226
465,332
465,277
465,792
465,238
465,793
466,155
466,689
466,440
466,487
466,657
467,44
467,661
467,869
467,170
468,222
468,517
468,735
468,499
468,708
468,783
468,489
469,952
469,461
469,579
469,144
470,422
470,559
470,377
470,711
470,117
471,487
471,781
471,515
471,903
471,154
471,457
472,757
472,130
472,619
472,539
472,321
472,936
472,585
472,462
473,899
473,923
473,823
473,79
474,449
474,847
474,613
474,303
474,217
475,945
475,230
475,491
475,229
476,76
476,864
476,432
476,134
476,290
476,992
476,630
477,99
477,234
477,280
477,850
478,171
478,75
478,376
478,461
479,653
479,896
479,100
479,550
479,136
479,110
479,298
479,945
480,231
480,186
480,173
480,284
480,650
480,208
480,871
480,915
481,833
481,824
481,594
481,823
481,929
481,851
482,833
482,395
482,40
482,441
482,401
482,957
482,366
482,581
483,555
483,893
483,331
483,35
483,989
483,988
483,50
484,724
484,410
484,435
484,973
484,280
485,523
485,983
485,420
485,965
486,303
486,848
486,196
486,42
486,26
486,260
487,14
487,639
487,619
487,845
487,922
487,80
487,594
487,503
488,816
488,24
488,499
488,704
488,684
489,825
489,903
489,491
489,600
490,541
490,933
490,48
490,491
490,819
490,337
490,701
490,890
491,65
491,824
491,379
491,812
491,882
491,52
492,40
492,35
492,31
492,797
492,386
493,151
493,216
493,106
493,364
494,428
494,28
494,229
494,668
494,236
494,749
494,726
494,188
495,79
495,659
495,133
495,295
495,98
495,624
495,364
496,793
496,392
496,521
496,428
496,487
496,422
497,597
497,144
497,855
497,575
497,397
497,0
498,894
498,910
498,9
498,133
498,359
498,376
498,909
498,164
499,74
499,836
499,54
499,880
500,435
500,618
500,204
500,816
500,811
501,432
501,816
501,735
501,109
501,531
501,827
502,449
502,308
502,809
502,909
502,694
502,179
502,375
503,743
503,689
503,696
503,18
503,875
503,659
504,737
504,236
504,622
504,281
504,203
504,199
504,157
505,370
505,409
505,129
505,87
505,873
505,887
505,23
506,332
506,63
506,888
506,772
506,471
506,413
506,775
506,626
507,542
507,657
507,926
507,5
507,381
508,541
508,800
508,1000
508,185
508,672
508,841
508,71
509,512
509,393
509,931
509,417
509,36
509,504
510,957
510,333
510,907
510,669
510,16
510,792
511,141
511,813
511,724
511,729
511,644
511,88
511,136
511,159
512,303
512,119
512,134
512,399
512,17
512,664
513,154
513,80
513,793
513,154
514,766
514,677
514,958
514,693
514,271
515,843
515,686
515,164
515,834
515,610
515,227
516,596
516,226
516,680
516,176
516,417
516,185
517,681
517,780
517,102
517,328
518,237
518,330
518,118
518,605
518,76
518,391
518,337
518,446
519,782
519,468
519,33
519,126
519,327
519,329
519,55
519,96
520,669
520,785
520,366
520,633
520,758
521,102
521,183
521,540
521,804
521,407
521,306
522,564
522,457
522,857
522,383
522,972
522,159
523,795
523,53
523,640
523,800
523,703
523,297
523,475
523,562
524,385
524,915
524,107
524,620
524,999
524,659
524,196
524,320
525,843
525,386
525,386
525,869
525,665
525,706
525,539
526,787
526,15
526,572
526,662
526,983
526,607
526,759
527,938
527,301
527,913
527,211
527,453
527,841
527,360
528,412
528,981
528,577
528,566
528,547
529,489
529,837
529,194
529,629
529,458
529,813
529,878
529,753
530,694
530,762
530,636
530,757
530,816
530,493
530,359
531,27
531,243
531,502
531,84
532,866
532,508
532,126
532,19
532,104
533,502
533,557
533,33
533,407
533,230
533,18
533,362
534,406
534,701
534,415
534,480
534,905
535,193
535,4
535,75
535,23
535,128
535,962
535,658
535,629
536,253
536,323
536,156
536,867
537,800
537,129
537,508
537,419
538,8
538,543
538,504
538,109
538,499
539,790
539,789
539,768
539,389
539,191
540,656
540,570
540,827
540,713
540,710
540,467
540,593
541,883
541,464
541,783
541,327
541,581
541,365
542,625
542,998
542,358
542,309
543,161
543,481
543,808
543,118
543,863
544,1000
544,668
544,678
544,466
544,496
544,575
544,720
544,149
545,443
545,946
545,123
545,149
545,597
545,699
546,991
546,581
546,60
546,653
546,986
546,733
546,180
546,585
547,989
547,106
547,475
547,791
547,229
547,850
547,268
547,363
548,40
548,226
548,26
548,285
548,777
548,135
548,598
548,798
549,306
549,850
549,277
549,290
549,387
550,310
550,298
550,63
550,704
550,531
550,370
550,434
551,188
551,828
551,430
551,368
551,434
551,991
551,606
551,288
552,235
552,661
552,966
552,886
553,511
553,285
553,487
553,812
553,526
553,27
553,616
553,268
554,743
554,359
554,746
554,868
555,208
555,847
555,747
555,764
555,397
555,892
556,649
556,360
556,605
556,583
556,576
557,669
557,438
557,834
557,850
558,22
558,804
558,878
558,743
558,396
559,659
559,223
559,978
559,10
559,519
559,561
560,254
560,844
560,34
560,735
561,73
561,85
561,549
561,98
562,479
562,114
562,5
562,530
562,222
562,796
562,982
563,281
563,109
563,828
563,961
563,80
563,216
563,140
563,420
564,622
564,390
564,828
564,687
564,773
565,315
565,524
565,781
565,76
565,374
565,588
565,907
566,114
566,486
566,831
566,744
566,659
566,993
566,231
566,560
567,47
567,572
567,520
567,145
567,997
567,359
568,911
568,808
568,95
568,685
568,62
568,863
568,297
568,4
569,549
569,598
569,559
569,403
569,770
569,956
569,35
570,94
570,276
570,753
570,882
570,705
570,833
570,768
570,60
571,902
571,932
571,553
571,922
572,54
572,414
572,867
572,108
572,644
572,124
573,214
573,338
573,123
573,805
573,937
573,626
573,115
573,340
574,853
574,62
574,391
574,1000
574,353
574,50
574,741
574,617
575,850
575,130
575,125
575,796
575,652
575,995
576,521
576,819
576,544
576,161
576,455
576,237
576,451
577,18
577,757
577,156
577,979
577,834
578,762
578,636
578,590
578,338
578,485
579,580
579,747
579,288
579,887
579,911
579,874
579,923
579,641
580,590
580,958
580,872
580,710
580,897
581,703
581,686
581,750
581,948
581,435
582,463
582,982
582,694
582,262
582,43
582,899
583,595
583,447
583,384
583,304
583,805
583,327
583,186
583,931
584,380
584,604
584,147
584,920
584,458
585,451
585,391
585,223
585,847
585,251
585,122
586,251
586,436
586,40
586,198
587,55
587,180
587,450
587,337
587,948
587,620
588,58
588,890
588,727
588,447
589,400
589,470
589,171
589,89
589,279
589,659
590,248
590,1
590,828
590,592
590,696
590,546
591,142
591,938
591,946
591,189
592,771
592,743
592,89
592,176
593,781
593,98
593,130
593,151
593,738
593,978
594,646
594,224
594,718
594,694
594,326
594,881
594,445
594,1
595,966
595,133
595,271
595,90
595,183
595,31
596,424
596,81
596,322
596,105
596,595
596,608
597,960
597,628
597,447
597,271
598,550
598,713
598,260
598,501
598,584
598,525
598,859
598,577
599,516
599,211
599,236
599,304
599,797
600,355
600,773
600,614
600,541
601,22
601,270
601,676
601,78
601,604
601,800
601,785
601,564
602,633
602,536
602,915
602,25
602,318
602,198
602,439
602,528
603,504
603,54
603,20
603,72
603,741
603,920
604,716
604,841
604,566
604,858
604,806
604,579
604,97
604,512
605,428
605,928
605,515
605,170
605,735
605,146
606,736
606,396
606,832
606,901
606,42
606,653
607,958
607,457
607,901
607,588
607,270
607,833
607,86
608,842
608,30
608,768
608,720
609,207
609,750
609,383
609,290
609,238
610,537
610,764
610,173
610,49
610,643
610,660
610,684
610,810
611,511
611,143
611,798
611,27
612,61
612,286
612,697
612,183
612,800
612,926
613,20
613,215
613,874
613,668
613,620
614,224
614,472
614,333
614,1000
615,434
615,546
615,895
615,249
615,161
615,970
615,855
616,142
616,324
616,516
616,624
616,608
616,874
616,620
617,780
617,790
617,868
617,973
617,313
617,371
618,149
618,216
618,391
618,690
618,863
618,559
618,569
619,306
619,392
619,916
619,437
619,71
619,644
619,171
619,211
620,68
620,743
620,323
620,206
621,290
621,28
621,865
621,813
621,813
621,684
621,907
621,462
622,261
622,954
622,696
622,783
622,43
622,957
622,900
622,515
623,57
623,27
623,65
623,816
623,865
623,153
623,530
623,701
624,850
624,833
624,14
624,906
624,669
624,914
624,565
624,787
625,565
625,185
625,886
625,14
625,154
625,627
626,739
626,778
626,698
626,173
627,557
627,562
627,365
627,320
627,682
627,512
627,179
627,673
628,881
628,19
628,945
628,465
629,814
629,624
629,951
629,981
630,784
630,752
630,292
630,981
630,659
630,968
631,996
631,465
631,870
631,143
631,723
632,539
632,344
632,392
632,645
632,640
632,823
632,509
632,886
633,636
633,381
633,800
633,986
633,907
633,619
634,559
634,706
634,277
634,202
634,232
635,256
635,874
635,46
635,997
635,506
635,640
636,487
636,844
636,147
636,661
636,4
636,436
636,129
637,352
637,469
637,568
637,601
637,651
637,78
638,906
638,915
638,196
638,370
638,18
638,774
639,278
639,694
639,939
639,492
639,600
639,956
639,355
639,202
640,239
640,585
640,360
640,587
641,637
641,476
641,886
641,548
641,789
641,668
641,665
641,923
642,452
642,320
642,782
642,546
643,400
643,833
643,727
643,561
643,971
644,67
644,611
644,200
644,603
644,999
645,22
645,363
645,834
645,762
645,685
645,594
645,229
645,635
646,259
646,262
646,627
646,170
646,546
647,233
647,215
647,262
647,859
647,437
648,896
648,160
648,801
648,380
648,370
649,21
649,72
649,834
649,409
649,697
649,28
649,183
650,681
650,614
650,361
650,408
650,537
650,312
650,940
651,388
651,970
651,36
651,856
651,309
652,491
652,721
652,359
652,407
653,264
653,209
653,612
653,198
653,234
653,789
654,426
654,877
654,736
654,73
654,614
654,795
655,970
655,881
655,629
655,583
656,103
656,344
656,918
656,281
656,175
656,922
656,846
657,192
657,730
657,911
657,32
657,568
657,578
657,823
658,794
658,65
658,594
658,823
658,157
659,892
659,257
659,764
659,280
660,811
660,104
660,670
660,639
661,685
661,670
661,943
661,528
662,843
662,295
662,925
662,143
662,548
662,592
663,747
663,638
663,660
663,589
664,307
664,527
664,269
664,756
664,754
664,479
664,297
664,399
665,56
665,893
665,515
665,399
665,481
665,535
665,273
666,429
666,87
666,177
666,722
667,225
667,549
667,966
667,939
667,929
667,659
667,193
667,903
668,92
668,357
668,518
668,472
668,271
668,97
669,273
669,795
669,861
669,830
669,152
669,180
669,769
670,491
670,789
670,863
670,897
670,684
670,994
671,259
671,875
671,238
671,809
671,995
672,847
672,320
672,369
672,358
672,741
672,719
673,387
673,437
673,986
673,195
673,594
673,695
673,479
674,88
674,205
674,625
674,126
675,504
675,241
675,177
675,524
675,111
675,145
676,648
676,705
676,990
676,721
677,194
677,599
677,282
677,637
677,485
677,222
677,362
678,74
678,316
678,242
678,199
678,598
679,135
679,181
679,13
679,852
679,651
680,322
680,801
680,574
680,55
680,622
680,68
680,727
680,650
681,170
681,619
681,534
681,664
681,524
681,488
682,909
682,845
682,814
682,868
682,811
682,65
683,401
683,175
683,90
683,404
683,568
683,285
683,73
684,201
684,453
684,716
684,578
684,883
684,512
684,445
685,700
685,964
685,248
685,780
685,233
686,252
686,334
686,403
686,954
687,307
687,637
687,415
687,241
687,480
687,847
687,366
687,993
688,91
688,327
688,261
688,666
688,25
688,903
688,676
688,724
689,884
689,525
689,586
689,238
689,512
689,289
689,453
690,862
690,310
690,69
690,843
690,506
690,739
690,693
690,560
691,749
691,132
691,686
691,182
691,931
691,831
691,319
692,921
692,413
692,284
692,221
692,648
693,602
693,758
693,274
693,875
693,927
693,59
693,88
694,249
694,240
694,36
694,548
694,279
694,420
694,615
695,940
695,540
695,660
695,163
695,427
695,589
696,849
696,29
696,623
696,79
696,820
696,66
697,848
697,506
697,154
697,675
697,294
697,298
698,354
698,298
698,63
698,479
698,314
698,85
698,405
699,675
699,260
699,221
699,450
699,940
699,117
699,833
699,129
700,830
700,234
700,776
700,418
700,785
701,941
701,171
701,727
701,904
702,314
702,65
702,760
702,404
702,626
703,729
703,371
703,399
703,386
704,233
704,690
704,992
704,639
704,883
704,25
704,236
704,211
705,832
705,631
705,839
705,710
705,594
705,656
705,353
706,624
706,976
706,573
706,720
706,440
706,466
706,953
706,235
707,776
707,998
707,981
707,564
708,728
708,293
708,708
708,265
708,912
709,371
709,841
709,43
709,756
710,189
710,483
710,140
710,476
711,682
711,869
711,816
711,887
711,172
712,111
712,546
712,866
712,237
713,769
713,553
713,41
713,117
713,150
713,928
713,330
714,354
714,58
714,248
714,110
714,106
714,287
714,7
715,367
715,90
715,688
715,364
715,139
715,324
716,392
716,962
716,285
716,970
716,626
716,945
717,452
717,213
717,545
717,379
718,41
718,526
718,812
718,498
719,13
719,102
719,970
719,318
719,445
720,800
720,566
720,180
720,669
721,143
721,871
721,28
721,346
721,393
721,911
722,332
722,730
722,789
722,459
722,58
722,694
723,301
723,341
723,602
723,795
724,462
724,995
724,247
724,925
725,188
725,463
725,789
725,563
725,19
725,292
725,828
725,764
726,358
726,873
726,702
726,426
726,509
726,321
726,278
727,989
727,671
727,313
727,705
728,270
728,927
728,635
728,284
728,517
728,716
729,905
729,329
729,113
729,131
729,23
729,928
729,154
729,923
730,339
730,355
730,227
730,0
731,594
731,466
731,959
731,82
732,696
732,255
732,930
732,72
732,183
732,551
732,296
732,74
733,914
733,239
733,892
733,749
733,132
733,17
734,907
734,620
734,778
734,161
735,521
735,804
735,591
735,591
735,793
735,875
736,573
736,888
736,876
736,408
736,309
736,38
736,245
736,944
737,269
737,921
737,216
737,228
737,299
737,683
738,17
738,635
738,543
738,114
738,273
739,387
739,816
739,258
739,117
739,428
739,233
739,864
739,652
740,530
740,459
740,521
740,886
740,542
740,310
740,622
741,688
741,847
741,452
741,960
742,931
742,337
742,403
742,555
742,992
743,407
743,184
743,585
743,645
743,540
744,136
744,823
744,697
744,555
744,634
744,824
745,150
745,827
745,40
745,804
746,783
746,749
746,718
746,875
746,173
747,222
747,273
747,841
747,665
747,66
747,162
747,25
747,358
748,463
748,346
748,362
748,200
748,604
748,56
748,304
748,220
749,414
749,158
749,680
749,936
749,167
750,885
750,444
750,599
750,437
750,488
750,749
751,356
751,761
751,400
751,212
751,839
751,947
751,182
751,650
752,893
752,45
752,573
752,259
752,544
752,979
752,823
753,653
753,186
753,161
753,142
753,519
753,529
753,147
753,246
754,188
754,146
754,670
754,802
754,466
754,248
754,761
754,483
755,589
755,0
755,525
755,825
755,919
756,343
756,464
756,665
756,191
756,881
756,23
756,980
757,662
757,405
757,139
757,410
758,949
758,886
758,483
758,738
758,587
759,126
759,919
759,734
759,552
759,273
759,789
760,408
760,949
760,139
760,725
761,681
761,492
761,751
761,73
761,921
761,780
762,472
762,493
762,201
762,781
762,34
762,80
762,704
762,575
763,39
763,535
763,821
763,97
763,915
764,719
764,875
764,775
764,832
764,782
765,568
765,22
765,845
765,813
765,422
766,66
766,339
766,542
766,488
766,807
766,416
766,355
767,988
767,478
767,337
767,181
767,313
767,938
768,190
768,869
768,537
768,599
768,148
768,672
768,750
768,891
769,411
769,365
769,897
769,465
769,666
770,133
770,194
770,862
770,308
770,944
770,726
770,755
770,703
771,771
771,654
771,498
771,898
771,53
771,481
771,584
771,374
772,505
772,607
772,949
772,989
772,289
773,169
773,73
773,185
773,532
774,955
774,303
774,377
774,168
775,549
775,514
775,958
775,587
775,676
775,539
776,434
776,765
776,992
776,624
776,269
776,268
776,371
776,651
777,648
777,767
777,369
777,546
777,826
777,853
777,805
778,151
778,948
778,823
778,865
778,706
778,103
778,461
778,679
779,513
779,723
779,400
779,871
780,505
780,353
780,471
780,697
780,612
780,928
781,50
781,860
781,981
781,694
781,858
781,106
782,913
782,746
782,116
782,478
782,65
782,173
783,711
783,648
783,67
783,69
783,236
783,199
783,335
784,54
784,271
784,868
784,115
784,21
784,308
784,142
784,241
785,66
785,780
785,677
785,47
785,221
785,290
786,1000
786,914
786,710
786,779
786,494
787,710
787,458
787,98
787,534
787,628
787,518
787,482
787,576
788,614
788,640
788,790
788,350
789,822
789,580
789,882
789,82
789,894
789,684
789,722
790,602
790,717
790,51
790,819
791,188
791,556
791,342
791,58
791,33
791,237
792,95
792,157
792,973
792,160
792,792
792,779
792,207
793,753
793,653
793,672
793,56
793,953
794,683
794,848
794,579
794,833
795,830
795,986
795,163
795,772
795,120
795,537
795,913
796,857
796,600
796,1
796,439
796,320
796,615
796,66
796,129
797,997
797,936
797,673
797,425
797,686
797,126
798,301
798,794
798,630
798,978
798,567
798,297
799,795
799,745
799,766
799,905
800,57
800,732
800,5
800,755
800,381
800,650
801,721
801,315
801,406
801,865
801,759
801,883
801,678
802,623
802,722
802,143
802,15
802,664
802,808
802,877
803,586
803,683
803,279
803,36
803,415
803,680
803,718
804,211
804,829
804,491
804,108
804,825
805,466
805,893
805,561
805,394
805,897
805,819
806,301
806,78
806,501
806,461
806,573
806,821
806,508
807,572
807,15
807,482
807,381
807,622
807,340
807,382
808,466
808,126
808,298
808,988
808,224
809,173
809,144
809,192
809,214
809,443
810,306
810,550
810,85
810,291
810,773
810,372
810,687
810,713
811,196
811,163
811,244
811,200
811,435
812,359
812,789
812,171
812,742
812,325
812,266
812,326
812,135
813,585
813,930
813,819
813,477
813,291
814,402
814,382
814,174
814,925
814,266
814,102
815,272
815,120
815,609
815,95
815,613
815,28
815,446
815,349
816,96
816,750
816,707
816,885
816,464
817,214
817,853
817,468
817,685
817,8
818,152
818,309
818,514
818,712
818,756
819,498
819,755
819,724
819,295
819,852
819,956
819,729
820,723
820,508
820,423
820,47
820,594
821,863
821,822
821,58
821,771
822,483
822,170
822,954
822,103
822,415
823,651
823,83
823,407
823,19
823,673
823,718
823,11
823,570
824,995
824,174
824,668
824,197
824,395
824,466
824,463
824,503
825,905
825,156
825,906
825,39
825,640
825,420
826,613
826,478
826,964
826,262
826,389
826,472
827,785
827,519
827,439
827,755
827,65
827,789
827,127
828,100
828,6
828,481
828,283
828,588
828,561
828,753
829,710
829,938
829,362
829,243
829,244
829,940
829,669
830,541
830,654
830,301
830,555
830,578
831,733
831,648
831,260
831,299
832,2
832,785
832,618
832,547
833,635
833,857
833,995
833,912
833,909
833,815
833,55
834,867
834,265
834,294
834,433
834,741
834,79
835,218
835,796
835,676
835,64
835,352
835,875
835,326
835,336
836,619
836,549
836,273
836,833
837,690
837,427
837,296
837,310
838,97
838,459
838,686
838,26
838,68
838,667
839,602
839,158
839,465
839,398
839,446
840,970
840,412
840,643
840,818
840,124
840,12
841,742
841,336
841,690
841,332
841,403
842,812
842,384
842,866
842,525
842,424
843,139
843,625
843,256
843,996
843,642
843,534
843,952
844,136
844,972
844,411
844,654
844,456
845,972
845,723
845,839
845,291
845,377
845,166
845,513
845,716
846,425
846,986
846,949
846,144
846,10
846,690
846,137
846,749
847,756
847,296
847,275
847,37
848,393
848,674
848,583
848,666
848,839
848,580
848,971
849,700
849,755
849,415
849,527
850,963
850,139
850,455
850,583
850,935
850,229
851,190
851,438
851,459
851,435
852,402
852,569
852,168
852,67
852,247
853,130
853,269
853,887
853,421
853,395
854,697
854,880
854,155
854,147
854,105
854,227
854,731
854,967
855,83
855,113
855,238
855,653
855,116
855,660
855,455
856,882
856,924
856,867
856,666
856,912
857,408
857,962
857,352
857,288
857,99
857,29
857,776
858,459
858,730
858,228
858,217
858,817
858,487
859,721
859,19
859,227
859,796
859,478
860,238
860,455
860,784
860,64
860,592
861,948
861,213
861,904
861,157
861,197
861,912
862,828
862,503
862,589
862,269
862,364
862,30
862,769
863,994
863,825
863,646
863,923
863,333
863,436
863,985
864,601
864,354
864,939
864,648
864,472
865,674
865,99
865,317
865,434
865,546
866,96
866,154
866,48
866,919
866,601
867,636
867,896
867,23
867,430
867,935
867,804
867,323
867,223
868,851
868,206
868,909
868,387
868,429
868,759
869,398
869,860
869,14
869,883
869,988
869,275
870,347
870,706
870,609
870,388
870,842
870,747
870,220
870,374
871,234
871,119
871,199
871,989
871,334
871,464
871,585
871,742
872,570
872,212
872,237
872,163
872,920
872,502
873,116
873,738
873,640
873,377
873,72
873,747
873,562
873,645
874,258
874,605
874,425
874,175
874,700
874,19
875,32
875,688
875,713
875,76
876,757
876,728
876,30
876,715
877,812
877,776
877,833
877,568
877,674
877,245
877,737
878,1
878,97
878,196
878,399
879,413
879,403
879,59
879,555
879,506
879,675
879,353
880,851
880,234
880,14
880,534
880,539
880,878
880,407
880,503
881,901
881,834
881,651
881,931
881,404
881,973
881,661
881,176
882,703
882,313
882,739
882,139
882,846
882,384
882,688
882,759
883,634
883,165
883,955
883,70
884,964
884,823
884,117
884,973
884,710
885,157
885,271
885,116
885,396
885,360
886,898
886,485
886,1000
886,152
886,327
887,840
887,68
887,75
887,507
888,794
888,903
888,585
888,310
889,521
889,54
889,40
889,880
889,309
889,772
889,962
889,23
890,486
890,12
890,208
890,739
890,315
890,525
891,860
891,230
891,685
891,114
891,617
891,677
892,581
892,900
892,273
892,981
892,537
893,11
893,97
893,543
893,243
893,314
893,106
893,938
894,158
894,364
894,348
894,400
894,84
894,308
894,792
895,370
895,404
895,182
895,895
895,120
895,452
895,951
896,688
896,84
896,138
896,389
896,447
897,629
897,935
897,787
897,459
897,268
897,811
897,49
898,930
898,267
898,558
898,611
899,650
899,976
899,750
899,593
899,898
900,927
900,839
900,936
900,220
901,745
901,815
901,554
901,990
901,69
901,136
901,428
902,303
902,685
902,515
902,393
902,186
902,955
902,199
902,865
903,57
903,225
903,747
903,198
903,918
903,239
904,403
904,73
904,577
904,590
904,880
904,958
904,463
904,510
905,169
905,62
905,443
905,567
905,744
905,560
905,283
905,93
906,812
906,145
906,704
906,213
906,912
906,753
906,151
906,13
907,412
907,127
907,716
907,36
907,710
907,196
908,154
908,31
908,706
908,741
908,676
908,291
909,290
909,237
909,892
909,422
910,117
910,900
910,375
910,196
910,157
910,629
910,473
910,867
911,702
911,368
911,13
911,327
912,225
912,32
912,725
912,954
912,251
913,349
913,747
913,127
913,587
913,385
913,975
914,604
914,696
914,840
914,460
915,680
915,154
915,354
915,200
915,50
915,26
915,643
915,840
916,820
916,473
916,205
916,236
917,329
917,194
917,448
917,875
917,628
918,931
918,178
918,75
918,268
918,994
918,604
918,722
918,559
919,638
919,903
919,694
919,191
920,400
920,202
920,946
920,187
921,306
921,306
921,177
921,288
921,10
921,903
922,822
922,800
922,41
922,52
922,130
922,816
923,293
923,824
923,53
923,140
923,825
923,822
923,785
924,913
924,483
924,141
924,214
924,808
924,376
924,142
925,620
925,882
925,453
925,411
925,354
925,765
925,335
926,720
926,142
926,209
926,775
926,981
927,998
927,643
927,200
927,521
927,752
927,295
927,298
928,916
928,610
928,433
928,234
928,34
928,759
928,871
929,898
929,907
929,657
929,237
929,14
929,939
929,891
929,737
930,475
930,362
930,817
930,423
930,863
930,739
931,636
931,845
931,784
931,973
931,215
931,59
932,357
932,997
932,885
932,273
933,138
933,377
933,432
933,631
933,724
933,813
933,206
933,675
934,806
934,823
934,311
934,665
935,593
935,153
935,929
935,439
936,203
936,291
936,290
936,73
936,855
936,122
937,725
937,20
937,261
937,64
937,732
937,425
937,463
937,603
938,777
938,370
938,276
938,359
939,352
939,374
939,309
939,676
939,767
939,423
940,729
940,792
940,431
940,366
941,105
941,308
941,754
941,323
941,374
941,970
941,526
942,365
942,224
942,109
942,232
942,546
942,634
943,237
943,668
943,564
943,493
943,341
943,443
944,950
944,709
944,542
944,954
944,706
945,683
945,705
945,177
945,919
945,894
945,520
946,949
946,318
946,756
946,607
946,98
946,124
946,808
946,688
947,166
947,612
947,65
947,410
947,857
947,892
947,175
948,496
948,996
948,392
948,635
948,117
948,532
948,664
949,817
949,381
949,691
949,245
949,522
949,4
949,951
949,70
950,390
950,619
950,303
950,684
950,859
950,714
950,359
950,979
951,606
951,811
951,584
951,756
951,821
951,996
951,842
951,505
952,291
952,362
952,57
952,478
952,346
952,288
952,731
952,65
953,564
953,50
953,950
953,841
954,683
954,375
954,928
954,95
954,727
954,624
954,951
955,317
955,814
955,92
955,312
956,66
956,822
956,117
956,362
956,220
956,864
956,325
957,676
957,895
957,682
957,574
957,752
957,241
957,154
957,51
958,196
958,964
958,149
958,832
958,740
958,635
959,412
959,155
959,513
959,248
959,99
959,844
960,650
960,603
960,270
960,514
960,356
960,630
960,319
961,82
961,604
961,267
961,897
962,671
962,624
962,420
962,570
962,66
963,35
963,491
963,760
963,562
963,138
963,464
963,608
964,19
964,950
964,798
964,75
964,740
964,841
964,272
964,54
965,614
965,961
965,504
965,94
965,748
966,569
966,420
966,769
966,880
966,54
967,774
967,539
967,36
967,97
967,257
968,155
968,41
968,808
968,587
968,372
969,830
969,368
969,684
969,900
969,895
969,857
969,625
970,44
970,48
970,995
970,890
970,106
970,416
970,903
971,777
971,502
971,985
971,599
971,663
971,196
971,692
972,176
972,314
972,251
972,511
973,929
973,144
973,517
973,702
973,477
973,215
973,390
974,584
974,956
974,438
974,141
974,756
974,693
974,125
974,420
975,878
975,165
975,306
975,410
975,468
976,101
976,466
976,554
976,267
977,85
977,946
977,500
977,308
977,365
978,173
978,957
978,676
978,93
978,205
978,776
978,267
978,293
979,233
979,345
979,329
979,745
979,505
979,731
979,845
979,71
980,206
980,252
980,219
980,850
980,208
981,785
981,644
981,729
981,357
982,676
982,238
982,827
982,65
983,113
983,248
983,449
983,584
983,771
983,420
984,298
984,650
984,478
984,443
984,556
985,904
985,147
985,215
985,900
985,123
986,727
986,69
986,117
986,610
986,174
986,186
987,529
987,962
987,572
987,879
987,512
987,840
988,703
988,623
988,510
988,172
988,142
988,324
988,375
988,900
989,883
989,777
989,335
989,880
989,545
989,136
989,173
989,266
990,111
990,100
990,389
990,728
990,49
990,454
991,898
991,275
991,320
991,9
991,689
992,790
992,483
992,719
992,289
992,903
992,581
992,190
993,3
993,641
993,832
993,923
993,601
993,320
993,724
993,572
994,223
994,366
994,314
994,309
994,329
994,466
994,617
994,332
995,128
995,784
995,601
995,405
995,212
995,348
996,925
996,345
996,429
996,233
996,1000
997,889
997,344
997,673
997,60
997,364
997,158
998,728
998,117
998,321
998,543
999,32
999,993
999,165
999,14
999,321
999,531
999,878
999,798
