personID,skillID,skillLevel
0,18,1
0,24,5
0,1,4
0,36,1
0,16,5
0,11,5
0,13,5
1,36,4
1,4,4
1,21,3
1,8,5
1,19,4
2,25,5
2,12,1
2,8,4
3,34,3
3,27,4
3,31,3
3,24,2
3,38,4
3,17,2
4,30,3
4,31,4
4,7,5
4,6,1
4,10,2
4,36,4
5,34,5
5,9,5
5,18,1
5,24,1
5,36,4
6,27,2
6,36,2
6,17,2
6,32,4
6,4,2
6,35,1
6,22,1
7,22,5
7,10,3
7,17,2
7,4,1
7,31,5
7,7,4
8,18,4
8,1,2
8,36,4
8,3,1
9,1,4
9,11,3
9,5,2
9,35,3
10,36,5
10,21,2
10,26,5
10,13,2
11,9,4
11,0,5
12,3,3
12,11,3
12,38,2
12,31,1
13,11,4
13,19,1
13,16,4
13,20,5
13,34,1
13,38,4
13,18,1
14,0,1
14,8,1
14,20,5
14,29,1
14,7,1
15,18,1
15,10,3
15,15,4
16,34,5
16,1,3
16,37,4
17,28,4
17,30,5
17,14,4
18,25,4
18,28,2
18,16,5
18,23,1
18,3,4
18,9,2
19,1,2
19,38,1
19,24,4
20,12,5
20,19,3
20,23,3
20,34,4
21,4,2
21,15,1
21,31,2
21,36,3
21,26,1
21,1,2
21,3,5
22,33,5
22,37,4
22,10,1
22,28,4
22,29,5
23,25,2
23,26,2
23,35,5
24,35,3
24,32,3
24,26,2
24,5,3
24,19,4
25,6,2
25,18,5
25,20,2
25,8,1
25,3,3
25,35,5
26,0,4
26,3,4
26,26,4
26,17,2
26,34,5
26,33,1
27,19,4
27,20,3
27,27,1
28,29,5
28,24,4
28,21,3
29,5,3
29,4,3
29,32,2
29,1,4
30,14,3
30,23,5
30,6,5
30,10,2
30,11,4
30,12,2
31,35,2
31,31,3
31,33,4
31,28,4
31,19,2
31,22,3
32,34,4
32,18,3
32,26,1
32,29,3
33,32,3
33,9,1
33,2,2
33,25,1
33,4,5
34,32,2
34,31,3
34,5,5
35,14,4
35,16,5
35,24,2
35,7,4
36,33,4
36,11,5
36,29,4
36,26,1
36,4,5
37,32,4
37,37,5
37,33,1
37,5,5
37,1,2
37,38,4
38,28,4
38,6,5
38,1,2
38,17,3
38,33,3
38,25,4
39,22,3
39,24,5
39,32,4
39,0,1
39,3,5
39,34,1
39,23,3
40,17,3
40,25,2
40,20,2
40,5,5
41,5,4
41,11,3
42,11,5
42,22,5
42,0,4
42,26,4
42,18,1
43,19,3
43,2,5
43,3,5
43,35,1
44,13,2
44,32,3
44,20,5
44,0,4
44,33,2
45,36,2
45,25,2
45,12,4
45,22,5
45,5,2
45,32,3
45,19,5
46,5,2
46,9,4
46,13,3
47,19,2
47,10,5
47,20,2
48,35,4
48,32,1
48,27,4
48,20,1
49,10,4
49,3,1
49,22,4
50,19,5
50,26,2
50,30,5
50,7,4
50,36,2
50,2,4
50,0,5
51,17,3
51,27,1
51,14,3
51,22,3
51,8,3
51,2,3
52,7,5
52,23,1
53,10,4
53,15,4
53,19,1
53,32,4
53,12,2
54,10,5
54,0,3
54,33,1
54,24,2
54,25,5
55,21,3
55,6,1
55,24,2
55,0,3
55,2,5
55,15,1
55,19,1
56,2,5
56,35,4
56,38,4
56,32,2
57,16,5
57,18,1
57,31,4
58,34,5
58,22,1
58,20,3
58,4,2
58,18,2
58,5,5
59,29,5
59,31,1
59,2,2
59,27,2
59,17,2
60,20,2
60,3,3
60,11,5
60,1,4
60,27,4
60,28,1
61,31,4
61,8,2
61,7,3
61,13,1
61,0,2
62,27,2
62,8,4
62,9,3
62,38,1
62,31,4
62,19,5
63,18,2
63,31,2
63,5,2
63,34,1
63,35,4
64,21,4
64,34,2
64,35,5
64,25,1
64,24,5
64,38,5
65,19,1
65,38,3
65,10,5
65,26,5
65,4,5
65,18,3
66,9,1
66,22,3
66,24,2
66,14,3
66,5,4
67,30,3
67,4,5
67,18,4
68,16,5
68,12,1
68,18,1
68,24,2
69,35,1
69,10,4
69,26,2
69,31,5
69,20,4
70,28,5
70,38,5
70,0,3
71,28,4
71,37,3
71,17,2
71,13,3
71,10,3
71,35,4
72,8,2
72,30,4
72,22,2
73,15,5
73,9,3
73,36,5
73,21,4
73,26,3
74,9,3
74,4,4
74,33,1
74,2,2
74,19,3
75,34,3
75,5,4
75,16,5
76,1,2
76,22,1
76,8,1
77,17,4
77,36,5
77,3,5
77,28,2
77,9,4
77,10,1
77,19,2
78,3,2
78,8,4
78,14,4
79,7,5
79,37,1
79,5,3
79,29,5
79,22,4
80,13,3
80,15,1
80,4,5
80,6,3
81,28,3
81,29,5
81,11,4
81,37,5
82,21,5
82,28,2
82,11,3
82,16,3
82,10,3
82,18,1
82,1,2
83,30,1
83,10,3
83,16,4
83,24,2
83,29,2
84,27,4
84,25,4
84,35,5
84,0,3
84,2,5
85,9,2
85,4,4
85,7,2
85,21,4
85,37,4
85,11,5
86,26,5
86,15,1
86,33,5
86,5,1
87,3,5
87,18,4
87,19,3
87,21,1
87,5,2
87,15,3
88,33,5
88,26,1
88,1,5
88,24,1
88,20,3
88,5,2
88,6,5
89,17,2
89,38,2
89,27,3
89,32,5
89,19,2
89,34,4
90,9,1
90,26,5
90,38,4
90,18,5
91,19,1
91,7,1
91,20,1
91,3,3
91,36,1
92,37,5
92,18,4
92,34,5
92,38,1
93,24,3
93,8,3
93,5,5
93,30,2
93,38,3
93,13,5
93,0,2
94,26,3
94,27,4
94,31,1
94,21,5
95,27,5
95,6,1
95,5,3
95,34,3
95,21,3
96,31,5
96,2,1
96,35,4
96,16,5
97,7,5
97,6,1
97,21,1
97,9,2
97,17,5
98,28,1
98,18,2
98,30,4
98,33,1
98,27,1
99,9,5
99,4,5
99,23,2
99,35,1
99,22,4
100,7,2
100,15,4
100,31,3
100,18,4
101,4,2
101,7,2
101,14,3
101,5,3
102,4,4
102,32,5
102,27,5
102,38,1
102,14,4
102,21,5
103,20,1
103,22,5
103,1,4
103,26,1
103,7,5
104,32,4
104,14,4
104,8,4
104,34,2
104,38,4
105,26,3
105,36,4
105,9,5
105,29,2
105,8,3
105,34,4
106,25,1
106,5,2
106,12,4
106,17,3
106,7,5
107,20,1
107,4,5
107,1,1
108,16,4
108,4,3
108,29,2
108,25,2
108,0,1
109,8,5
109,23,2
109,2,3
109,34,3
109,0,5
109,37,3
110,34,3
110,29,4
110,31,3
110,17,5
110,2,3
110,0,4
111,27,4
111,7,3
111,18,5
111,16,2
111,36,4
111,31,5
112,19,4
112,5,4
112,0,3
113,9,2
113,38,1
113,3,2
113,25,2
114,17,5
114,8,5
114,33,1
114,3,3
114,25,3
114,36,2
114,11,5
115,24,1
115,21,3
115,31,3
115,7,3
115,14,1
116,34,3
116,2,3
116,10,2
117,1,1
117,10,2
117,32,4
117,38,2
117,26,5
117,35,4
117,12,2
118,10,5
118,5,2
118,12,3
119,30,5
119,23,2
119,34,1
119,29,3
120,13,4
120,22,4
120,3,1
120,30,3
120,0,4
121,27,1
121,26,1
121,23,1
122,14,5
122,16,4
122,12,3
122,38,2
122,20,2
123,16,2
123,24,2
123,32,3
123,14,1
123,7,4
124,32,2
124,29,2
124,28,3
125,21,5
125,3,2
125,19,5
125,11,4
125,33,1
126,12,1
126,13,1
126,5,4
126,3,1
127,0,4
127,20,4
127,14,3
127,5,3
127,21,4
127,33,1
128,4,3
128,27,4
128,26,5
128,10,3
128,5,4
129,13,2
129,16,3
129,38,1
129,20,4
129,14,3
129,35,2
130,28,1
130,19,5
130,16,1
130,23,2
130,8,3
130,4,2
130,15,5
131,9,3
131,22,3
131,36,2
131,6,3
131,29,4
132,36,2
132,5,4
132,22,3
132,16,5
132,9,2
132,3,1
133,28,3
133,10,1
133,21,3
133,34,5
133,2,4
134,4,4
134,22,2
134,13,4
134,1,4
134,12,5
134,2,3
135,28,3
135,38,5
135,21,2
135,5,5
136,21,4
136,28,4
136,0,4
136,23,1
136,32,1
137,3,1
137,29,2
137,5,1
137,20,2
137,25,3
138,27,1
138,10,4
138,6,5
138,15,3
138,17,4
139,7,1
139,14,2
139,21,4
139,31,3
139,8,2
139,22,2
140,28,4
140,23,4
140,26,4
140,0,1
140,16,2
140,2,4
141,14,2
141,13,5
141,4,1
141,27,2
142,36,5
142,26,5
142,29,1
142,20,1
142,7,5
143,27,5
143,13,4
143,4,1
144,16,4
144,28,5
144,38,1
144,9,3
144,24,4
145,4,4
145,1,2
145,38,1
145,32,4
145,19,4
145,23,5
145,30,4
146,11,2
146,34,2
146,8,5
147,10,5
147,34,2
147,37,4
147,36,5
147,27,5
147,12,2
148,22,3
148,16,4
148,18,4
148,2,5
148,1,4
148,9,1
149,16,3
149,17,4
149,2,1
149,21,3
149,25,3
150,7,2
150,0,4
150,36,1
150,4,4
150,22,2
151,23,5
151,25,4
151,6,1
152,26,1
152,16,3
152,17,4
152,9,1
152,18,4
152,22,1
152,33,5
153,18,3
153,6,3
153,24,1
153,12,3
154,21,1
154,26,5
154,30,4
155,4,4
155,17,4
155,2,5
155,34,1
156,37,3
156,19,2
156,14,3
156,29,3
156,4,1
156,27,4
157,13,4
157,22,5
157,37,2
157,36,4
157,24,1
157,21,1
158,0,5
158,23,5
158,7,4
158,32,2
159,5,5
159,7,5
159,28,4
159,20,4
159,21,5
159,16,2
160,10,3
160,32,2
160,25,3
160,4,2
160,6,1
160,23,2
161,17,1
161,13,3
161,34,2
162,17,1
162,12,2
162,24,2
162,30,3
162,19,5
163,34,5
163,5,3
163,7,3
164,15,2
164,19,5
164,2,4
165,29,4
165,27,3
165,5,5
165,14,2
166,32,2
166,12,4
166,26,2
166,9,1
166,10,4
166,29,5
167,25,3
167,27,5
167,30,4
167,28,5
167,20,1
168,33,3
168,32,5
168,27,2
168,34,4
168,37,4
168,9,2
168,25,3
169,34,3
169,28,5
169,38,3
169,26,1
170,10,1
170,14,4
170,30,4
170,26,3
171,29,3
171,4,5
171,9,3
171,18,3
171,31,1
171,36,5
171,21,5
172,13,4
172,27,3
172,23,1
172,7,4
173,30,1
173,8,2
173,29,1
174,18,3
174,33,5
174,11,5
174,38,5
174,30,3
174,26,4
175,28,2
175,30,3
175,32,4
175,0,1
175,2,5
175,4,1
176,9,1
176,12,4
177,37,5
177,25,3
177,10,4
177,23,2
177,1,3
177,26,2
178,15,3
178,32,1
179,12,3
179,33,2
179,13,5
179,7,4
179,23,4
179,32,4
180,19,5
180,38,3
180,25,4
180,24,5
180,7,1
180,0,2
181,19,2
181,32,3
181,26,2
181,22,1
181,11,4
182,14,1
182,25,3
182,15,3
182,24,4
182,37,4
182,2,5
182,32,2
183,38,2
183,17,1
183,8,5
183,26,5
184,16,3
184,24,5
184,7,1
184,31,5
184,36,2
184,13,1
184,11,2
185,26,3
185,3,4
185,17,5
185,1,1
185,16,3
186,38,2
186,23,5
186,4,3
186,20,3
187,0,4
187,33,2
187,26,4
187,13,5
188,9,4
188,15,5
188,13,2
188,36,1
189,11,3
189,13,3
189,20,4
189,14,3
189,4,3
190,13,3
190,3,3
190,5,5
190,16,4
190,35,2
190,0,5
191,3,3
191,30,4
191,13,5
191,28,3
191,11,2
191,22,5
192,23,4
192,5,5
192,0,1
192,2,5
192,3,2
192,18,3
192,34,4
193,4,5
193,33,2
193,31,4
193,21,2
194,32,2
194,17,3
194,12,3
194,36,2
194,33,3
194,37,3
195,18,5
195,22,3
195,12,5
195,17,4
196,10,1
196,29,5
196,31,4
196,14,3
196,6,1
196,8,1
197,10,3
197,23,2
197,29,1
197,25,1
198,32,3
198,0,2
198,4,1
198,12,4
198,24,4
198,6,2
199,1,3
199,37,5
199,6,5
199,0,1
200,14,3
200,3,1
200,18,4
200,4,1
200,9,3
201,5,3
201,19,2
201,12,3
201,34,5
201,33,4
201,32,1
202,4,3
202,38,1
202,31,2
202,17,2
202,33,1
202,8,5
202,34,2
203,20,4
203,8,4
203,37,4
204,21,3
204,14,2
204,15,3
204,38,5
204,0,4
204,28,1
205,22,1
205,18,3
205,37,5
205,10,1
205,11,5
206,25,2
206,15,1
206,2,2
206,33,1
207,35,2
207,25,4
207,24,3
207,18,3
208,18,1
208,13,3
208,10,2
209,25,4
209,36,1
209,32,1
209,3,1
209,26,3
210,9,1
210,1,2
210,30,5
210,8,4
211,31,1
211,38,5
211,5,5
211,10,4
211,18,5
212,12,1
212,18,3
212,1,2
212,30,3
212,2,3
212,24,1
213,34,1
213,28,4
213,36,1
213,4,4
213,22,1
214,0,1
214,24,3
214,29,5
215,29,3
215,28,4
215,20,5
215,13,3
215,38,2
216,2,5
216,14,5
216,16,4
216,0,1
216,17,1
216,20,4
217,22,2
217,27,5
217,34,1
217,14,3
217,38,3
217,26,1
217,16,2
218,23,4
218,0,4
218,38,1
219,11,1
219,34,4
219,15,5
219,2,4
220,23,5
220,9,2
220,4,1
220,32,5
220,29,1
220,2,4
221,35,4
221,31,3
221,11,5
221,9,4
222,28,4
222,26,5
222,19,2
222,35,4
223,14,2
223,2,1
223,38,3
224,10,1
224,26,2
224,32,1
224,11,2
225,32,2
225,11,5
225,27,4
226,31,1
226,35,1
226,7,4
226,38,5
227,11,5
227,24,2
227,8,4
227,17,5
227,2,5
228,14,1
228,23,5
228,18,1
228,30,3
228,15,4
228,19,4
228,37,5
229,30,1
229,33,4
229,36,5
230,10,2
230,18,5
230,17,5
231,11,5
231,1,5
231,25,5
232,4,4
232,15,4
232,36,2
232,35,5
232,7,2
233,8,5
233,29,1
233,32,2
234,4,4
234,9,2
234,36,5
235,34,1
235,2,3
235,18,4
235,5,4
235,32,1
235,24,5
236,38,3
236,26,3
236,15,3
236,5,2
237,10,1
237,32,5
237,27,5
237,8,5
238,22,2
238,31,2
238,20,4
238,38,3
238,36,3
238,26,4
239,29,4
239,17,4
239,31,1
239,30,2
240,22,3
240,18,3
240,4,5
241,35,3
241,25,1
241,22,3
241,0,5
242,33,5
242,10,1
242,27,3
242,15,1
242,18,4
243,21,1
243,32,5
243,16,3
243,38,4
243,29,1
243,27,4
244,25,1
244,1,3
244,26,4
245,37,3
245,38,1
245,11,1
246,34,5
246,37,2
246,3,2
246,28,2
246,13,3
246,16,3
247,38,2
247,12,3
247,1,5
247,34,4
247,16,1
248,16,3
248,37,4
248,21,4
249,4,1
249,33,1
249,14,1
249,32,1
250,7,5
250,2,2
250,17,1
250,32,2
250,23,4
251,16,3
251,10,2
251,5,3
251,7,2
251,3,4
252,31,4
252,0,1
252,3,2
253,0,4
253,13,2
253,6,2
254,6,5
254,24,4
254,28,5
254,11,1
254,33,3
254,16,4
255,13,3
255,29,5
255,38,2
255,2,3
256,37,4
256,28,5
256,16,5
256,1,3
257,19,4
257,14,3
257,22,3
257,34,4
257,26,4
258,3,3
258,7,2
258,17,3
259,9,1
259,14,2
259,33,1
259,23,3
260,37,3
260,15,4
260,20,2
260,25,3
260,18,3
260,34,4
260,16,3
261,37,2
261,24,4
261,18,1
261,19,1
262,13,5
262,15,2
262,7,4
262,27,2
263,37,5
263,36,2
263,24,2
263,13,4
264,16,3
264,27,1
264,13,3
264,8,5
264,38,1
265,7,2
265,11,4
265,32,3
265,36,1
266,30,3
266,34,5
266,38,1
267,9,5
267,32,3
267,28,2
267,5,1
267,6,1
267,18,2
267,23,5
268,15,4
268,29,1
268,19,3
269,9,2
269,13,1
269,11,4
269,24,4
269,17,3
270,20,3
270,3,1
270,23,5
270,22,3
271,17,3
271,25,5
271,1,5
271,30,4
271,4,1
272,24,2
272,7,5
272,2,4
272,10,5
273,35,1
273,1,4
273,25,4
273,19,4
273,9,1
273,13,3
274,8,1
274,30,1
274,12,3
275,6,5
275,35,3
275,21,1
276,0,3
276,4,5
276,21,4
276,12,2
276,33,5
277,34,3
277,12,5
277,29,2
277,15,5
277,16,2
278,15,2
278,17,1
278,10,2
278,31,5
279,3,3
279,30,1
279,8,3
279,7,4
279,12,4
280,25,4
280,34,4
280,15,3
281,35,2
281,24,5
281,28,4
281,20,3
282,15,2
282,22,1
282,2,5
282,11,5
282,32,2
282,7,4
282,28,3
283,27,2
283,26,1
283,9,5
283,11,5
283,0,2
284,13,2
284,7,1
284,27,1
284,2,4
284,26,1
284,10,4
284,37,2
285,32,1
285,0,3
285,23,2
285,9,3
285,14,2
286,38,3
286,26,5
286,2,3
286,24,3
287,38,5
287,22,5
287,3,4
288,31,2
288,22,2
288,13,3
288,27,1
288,30,5
288,28,5
289,29,3
289,34,2
289,7,3
289,26,5
289,9,1
289,11,1
290,18,4
290,20,3
290,17,2
291,28,3
291,25,4
291,11,3
291,35,1
291,37,1
292,18,5
292,22,5
292,35,4
292,23,3
292,7,4
292,12,2
293,3,4
293,25,4
293,1,2
294,21,5
294,14,1
294,28,2
294,23,3
294,2,4
295,24,2
295,17,2
295,13,5
295,5,4
295,11,4
295,2,4
295,19,3
296,12,4
296,16,1
296,24,5
296,22,5
297,5,4
297,18,2
297,1,3
297,28,4
297,30,2
297,22,5
297,19,1
298,22,4
298,9,1
298,23,2
298,16,2
299,26,3
299,10,1
299,33,2
299,25,5
300,4,4
300,5,1
300,37,4
300,30,5
300,1,5
300,19,3
301,7,4
301,29,5
301,5,5
302,20,4
302,5,1
302,34,1
302,30,1
302,17,1
302,36,2
303,38,5
303,22,4
303,14,5
304,36,4
304,35,3
304,12,4
305,37,4
305,8,1
305,15,5
305,6,1
305,2,2
305,34,3
305,3,3
306,7,2
306,4,5
306,24,5
306,8,3
306,11,2
306,38,5
306,21,2
307,20,5
307,1,1
307,25,2
307,6,4
307,15,5
307,24,4
307,29,1
308,38,1
308,4,1
308,7,1
308,12,1
309,31,5
309,21,3
309,5,5
309,1,1
309,28,3
310,37,2
310,17,1
310,5,1
311,18,5
311,4,5
311,27,1
311,0,2
311,3,2
311,32,1
311,31,5
312,23,2
312,2,2
312,0,3
312,1,4
312,28,2
313,10,5
313,38,5
313,34,5
313,18,1
313,25,1
313,19,3
314,22,4
314,35,3
314,31,1
314,32,3
314,38,2
314,23,3
315,22,5
315,28,5
315,17,1
315,9,2
316,16,1
316,8,3
316,18,3
316,19,5
316,31,2
316,38,2
317,35,3
317,22,4
317,20,5
317,0,1
317,33,4
318,0,2
318,22,4
318,31,5
318,15,5
318,10,5
319,38,5
319,1,5
319,11,4
319,23,3
319,20,1
320,38,5
320,9,4
320,21,5
321,21,5
321,15,4
321,17,5
322,5,5
322,37,4
322,22,4
322,6,4
322,35,3
323,22,2
323,2,2
323,35,3
323,4,1
324,14,5
324,4,3
324,34,4
324,19,3
324,29,4
325,23,3
325,10,5
325,0,3
325,14,5
326,37,1
326,9,3
327,10,2
327,11,3
327,2,5
327,38,1
327,28,4
327,17,4
327,31,2
328,3,1
328,22,2
328,20,2
329,3,1
329,38,4
330,7,2
330,35,2
330,10,4
330,16,3
330,34,1
330,17,4
330,33,1
331,35,5
331,34,3
331,13,2
331,2,4
331,19,2
332,9,1
332,35,1
332,11,1
332,18,3
332,21,4
333,38,4
333,5,2
333,10,1
333,35,5
333,36,2
333,23,1
333,27,3
334,20,4
334,0,5
334,11,1
334,14,1
334,15,3
334,19,1
335,34,3
335,18,2
335,35,3
335,15,4
335,6,5
336,17,1
336,33,2
336,22,1
336,14,1
337,9,2
337,6,1
337,16,5
337,13,5
337,32,1
338,28,1
338,20,2
338,11,3
338,33,4
339,0,2
339,22,3
339,23,3
340,4,1
340,10,4
340,15,5
340,20,5
340,12,1
340,27,2
341,23,5
341,5,5
341,8,1
341,24,2
342,35,4
342,38,4
342,14,2
342,31,5
343,34,3
343,3,2
343,20,4
344,25,4
344,18,5
344,29,2
344,21,3
344,36,2
344,6,2
344,3,2
345,2,5
345,4,4
345,29,1
345,15,5
345,34,4
346,38,1
346,8,5
346,4,2
346,9,4
346,28,2
346,0,4
347,30,4
347,13,3
347,1,2
347,24,3
347,15,5
347,25,2
348,37,2
348,28,2
348,24,3
348,3,5
348,11,5
349,9,4
349,24,2
349,13,4
350,24,1
350,4,5
350,8,3
350,7,4
350,16,4
350,17,1
351,9,3
351,30,1
352,33,4
352,15,5
352,8,4
352,24,2
352,27,3
353,10,3
353,7,4
353,17,2
354,22,3
354,31,4
354,5,4
355,2,1
355,4,1
355,7,3
355,34,4
355,29,2
356,21,1
356,4,1
356,16,3
357,17,3
357,33,4
357,7,3
357,8,3
357,13,5
357,14,3
357,36,4
358,27,1
358,4,4
358,23,2
358,0,3
358,15,2
359,25,1
359,20,4
359,34,4
359,17,4
359,19,1
360,3,1
360,1,2
360,10,1
361,21,3
361,30,3
361,4,4
361,2,5
361,5,1
362,22,3
362,27,4
362,17,3
362,25,1
362,16,5
363,16,5
363,1,5
363,11,3
363,27,2
363,9,5
363,22,1
364,17,2
364,10,5
364,33,4
364,0,2
364,21,2
364,24,5
365,2,4
365,1,4
365,14,1
365,35,3
366,2,4
366,12,4
366,9,1
366,15,3
367,24,5
367,28,3
367,16,1
367,15,2
368,37,3
368,0,3
368,1,1
368,19,2
368,16,4
369,14,1
369,37,3
369,35,3
369,0,1
370,16,5
370,11,4
370,38,4
370,21,2
370,36,2
370,2,4
371,7,4
371,18,4
371,30,5
372,27,2
372,33,2
372,5,3
373,26,5
373,16,1
373,28,1
373,30,1
373,37,1
373,36,5
374,23,3
374,18,5
374,16,1
374,20,3
374,14,3
374,35,1
375,26,1
375,27,4
375,9,5
375,11,4
376,3,3
376,0,5
376,28,1
376,14,3
376,11,2
376,7,5
377,16,4
377,15,3
377,26,1
377,11,5
378,30,4
378,28,4
378,1,1
378,22,5
378,26,3
379,25,1
379,0,4
379,6,1
379,2,1
379,26,5
379,15,5
380,4,3
380,31,1
380,30,4
381,5,5
381,16,4
381,38,3
382,13,5
382,0,5
382,3,3
382,21,2
383,15,1
383,29,4
383,34,5
383,33,4
383,7,1
384,8,3
384,25,2
384,17,2
384,33,2
384,0,4
384,28,5
384,6,2
385,21,3
385,32,3
385,24,4
385,25,2
385,38,2
385,30,2
385,10,2
386,35,2
386,1,1
386,27,2
386,17,5
386,11,3
386,30,5
387,38,4
387,13,4
387,11,3
387,3,5
387,32,4
387,18,4
388,2,5
388,24,3
388,19,1
388,3,5
388,17,2
388,37,3
389,32,5
389,0,4
389,16,2
389,33,2
389,8,5
390,9,1
390,36,5
390,33,3
390,38,2
390,18,2
390,2,1
390,23,1
391,27,5
391,11,2
391,22,1
391,13,4
391,35,5
391,2,3
391,7,4
392,38,4
392,13,5
392,37,4
392,29,2
392,28,1
393,25,1
393,34,3
393,37,3
393,16,1
394,23,2
394,26,3
394,38,1
394,4,2
394,5,2
395,7,3
395,15,2
395,28,3
395,26,4
396,26,1
396,15,1
396,10,4
396,20,1
397,36,3
397,17,5
397,37,3
397,32,2
397,15,3
397,9,5
397,31,5
398,37,5
398,5,5
398,35,3
399,9,5
399,0,2
399,14,1
400,24,3
400,18,4
400,10,1
400,28,4
400,32,1
401,0,1
401,16,4
401,9,5
401,38,5
401,20,5
401,34,3
402,23,4
402,38,3
402,27,3
402,3,5
403,8,5
403,28,2
403,34,5
404,35,3
404,18,4
404,19,5
404,24,4
404,14,4
404,34,2
405,16,4
405,11,5
405,12,2
405,33,2
405,6,4
406,2,3
406,32,1
406,18,4
406,21,2
406,27,1
406,35,1
406,0,1
407,1,2
407,13,4
407,29,5
407,14,4
407,37,5
407,19,4
408,15,3
408,30,3
408,28,2
408,34,4
408,14,5
409,6,2
409,0,5
409,18,5
409,28,2
409,19,2
410,1,5
410,24,4
410,29,4
410,36,2
410,38,5
411,1,3
411,16,2
411,9,1
411,23,5
412,26,4
412,2,1
412,10,3
413,12,2
413,6,1
413,15,3
413,23,2
414,20,5
414,15,3
414,10,2
414,30,4
414,25,3
415,23,3
415,14,4
415,8,2
415,1,2
415,13,1
415,11,5
416,7,2
416,30,1
416,9,1
416,32,5
416,34,3
417,14,2
417,34,5
417,25,3
417,1,3
417,26,1
417,2,4
418,33,3
418,7,2
418,36,3
418,3,2
418,28,1
418,5,2
419,34,5
419,28,3
419,27,3
419,12,2
419,1,1
419,2,1
420,28,3
420,32,3
420,33,2
420,11,4
421,20,5
421,21,4
421,0,1
422,22,1
422,35,5
422,20,4
422,13,4
422,32,2
423,5,2
423,26,1
423,28,5
423,0,5
424,6,3
424,10,1
424,15,4
424,21,4
424,9,5
424,3,3
425,27,5
425,22,3
425,20,1
425,14,3
426,25,2
426,12,3
426,6,4
426,36,2
427,21,5
427,7,1
427,3,2
427,9,1
427,14,2
428,30,1
428,24,3
428,36,4
429,10,3
429,28,3
429,15,5
429,2,4
429,12,2
430,13,5
430,31,1
430,16,1
430,18,3
430,19,1
430,21,4
431,0,4
431,27,3
431,19,5
431,10,5
432,35,1
432,23,4
432,28,4
432,14,5
432,32,2
432,16,1
433,23,3
433,25,3
433,18,1
434,19,2
434,28,1
434,36,3
435,15,2
435,14,4
435,12,3
435,20,2
435,2,1
436,7,1
436,15,3
436,21,5
436,36,5
437,32,3
437,30,4
437,37,4
437,1,1
437,33,5
437,26,3
438,29,1
438,20,1
438,5,2
439,14,1
439,25,2
439,21,1
439,16,5
440,11,4
440,26,5
440,34,3
440,6,5
440,20,2
440,12,2
440,27,3
441,37,1
441,36,2
441,25,2
441,12,1
441,13,1
441,35,1
442,36,3
442,29,2
442,23,4
442,18,4
442,17,3
442,28,1
443,27,4
443,1,1
443,29,2
443,8,4
443,34,4
444,8,1
444,26,4
444,36,5
444,21,2
444,18,2
445,27,1
445,29,5
445,32,2
445,3,2
446,31,1
446,14,4
446,32,5
446,0,3
446,26,4
446,10,2
447,1,4
447,32,4
447,17,4
447,13,4
447,19,5
447,35,5
448,18,2
448,24,5
448,28,3
449,14,3
449,6,1
449,36,1
449,31,1
449,17,5
449,26,3
450,34,3
450,35,2
450,6,4
450,36,4
451,3,4
451,38,1
451,35,5
451,16,3
451,32,5
451,13,5
452,28,5
452,7,4
452,14,1
452,35,4
452,10,4
452,12,4
453,37,3
453,18,1
453,22,4
453,30,4
453,36,5
454,16,1
454,26,1
454,22,5
454,5,3
454,9,4
455,36,2
455,35,3
455,9,1
455,12,3
455,16,4
455,4,1
456,24,1
456,37,4
456,14,5
456,11,2
456,22,4
456,4,2
456,10,1
457,36,2
457,22,4
457,6,3
458,12,3
458,22,1
458,28,4
458,24,3
459,16,3
459,37,1
459,15,1
460,36,4
460,35,4
460,22,3
460,21,2
461,26,1
461,19,1
461,32,3
462,1,4
462,15,4
462,27,3
462,18,4
462,24,3
462,12,1
463,37,2
463,10,2
463,24,3
463,22,1
463,27,1
463,20,2
463,3,3
464,12,1
464,11,5
464,37,5
464,5,4
465,31,4
465,26,2
465,28,2
466,21,2
466,13,4
466,25,2
467,31,4
467,28,1
467,3,5
467,15,5
467,29,3
467,16,2
468,33,2
468,22,3
468,36,3
468,4,2
469,24,1
469,16,2
469,27,4
469,32,2
470,36,3
470,8,3
470,22,3
470,17,3
470,18,3
470,5,3
470,11,3
471,6,3
471,15,1
471,29,1
471,12,4
471,36,2
471,31,3
472,36,2
472,38,5
472,1,4
472,3,1
472,19,1
473,22,4
473,8,5
473,12,1
473,13,5
473,34,5
473,20,5
474,13,4
474,18,1
474,34,1
474,15,3
474,0,1
474,17,1
474,6,4
475,20,3
475,33,3
475,18,3
475,8,4
476,30,5
476,28,3
476,24,4
476,13,4
477,34,5
477,33,4
477,2,2
477,1,3
477,26,5
477,38,2
477,9,1
478,23,2
478,19,1
478,4,4
478,35,2
479,11,3
479,20,5
479,23,4
479,2,5
479,34,5
480,27,2
480,35,4
481,37,4
481,35,5
481,34,2
481,33,2
481,1,1
482,16,2
482,24,2
482,34,3
482,26,1
482,5,1
483,3,2
483,7,3
483,23,1
483,10,2
483,26,1
484,18,4
484,37,4
484,15,5
485,23,3
485,36,4
485,32,5
485,9,4
486,14,5
486,6,3
486,27,1
486,19,5
486,1,3
486,33,3
487,25,5
487,6,3
487,29,4
487,33,2
488,32,1
488,18,5
488,16,3
488,38,5
488,29,5
489,36,4
489,22,5
489,2,4
489,23,4
490,31,1
490,24,4
490,12,5
490,21,4
490,30,1
490,17,2
490,1,3
491,5,4
491,27,2
491,7,3
491,0,1
491,23,1
492,23,4
492,30,4
492,25,4
492,37,3
492,38,4
492,21,1
493,9,3
493,14,1
493,12,4
493,15,4
494,13,2
494,8,4
494,24,3
494,10,5
494,3,2
495,24,5
495,23,5
495,0,5
495,21,4
495,26,4
495,1,5
495,38,3
496,35,4
496,34,1
496,19,5
496,36,4
497,25,2
497,14,4
497,19,1
497,5,1
497,20,2
498,8,1
498,4,1
498,27,3
499,5,1
499,16,1
499,36,4
499,30,1
500,24,4
500,33,2
500,34,4
500,18,2
500,35,4
501,5,4
501,6,2
501,11,5
502,2,5
502,25,5
502,22,2
503,34,1
503,18,5
503,20,3
504,12,3
504,14,1
504,4,5
505,21,3
505,0,2
505,27,2
505,14,2
505,7,1
506,34,1
506,20,5
506,15,4
506,22,4
506,4,4
506,2,1
507,12,1
507,25,2
507,8,5
507,20,5
507,30,5
507,23,5
508,13,1
508,11,4
508,26,5
509,38,3
509,25,1
509,7,5
509,12,4
509,19,1
510,21,3
510,3,1
510,9,1
510,15,5
510,23,1
510,37,4
510,30,2
511,16,1
511,14,5
511,7,2
511,37,1
511,6,4
511,28,4
511,23,2
512,22,3
512,16,4
512,26,3
512,13,4
513,3,2
513,0,5
513,28,4
513,2,4
514,36,4
514,31,4
514,23,4
514,3,2
514,4,3
515,7,2
515,33,2
515,9,3
515,21,3
516,20,5
516,4,2
516,30,5
517,2,5
517,35,3
517,11,5
517,9,2
517,15,5
517,29,3
518,8,4
518,21,3
518,23,1
518,2,5
519,19,1
519,28,3
519,0,1
519,37,4
520,16,3
520,22,5
520,12,1
520,34,5
520,24,3
521,12,1
521,0,1
521,14,4
522,38,3
522,23,2
522,36,4
523,38,2
523,21,4
523,0,4
523,23,5
523,18,3
524,34,3
524,30,3
524,16,3
525,28,2
525,6,5
525,21,2
525,19,3
525,38,1
525,12,1
526,6,3
526,9,5
526,31,4
527,37,3
527,23,3
527,22,3
527,4,2
528,15,5
528,1,5
528,24,5
529,27,2
529,14,2
529,2,3
529,7,3
529,3,3
529,18,4
530,11,1
530,20,4
530,28,5
530,30,4
530,2,4
531,37,2
531,3,4
531,28,4
531,29,1
532,17,5
532,9,5
532,11,5
532,4,5
532,28,4
532,38,3
533,23,3
533,10,2
533,8,3
534,24,2
534,23,2
534,20,4
535,25,4
535,12,1
535,15,1
535,7,2
535,16,1
536,14,1
536,31,3
536,16,5
536,22,4
536,29,2
536,13,1
536,6,4
537,10,5
537,8,4
537,9,2
538,5,5
538,28,4
538,35,4
538,10,1
538,21,3
538,26,3
538,22,2
539,10,3
539,8,3
539,15,3
539,18,4
539,9,3
539,3,3
540,18,3
540,7,2
540,28,5
541,5,2
541,32,2
541,4,3
541,34,1
541,20,3
542,4,3
542,23,5
542,5,4
543,35,4
543,31,1
543,37,4
543,19,4
543,4,4
544,7,3
544,24,5
544,21,4
544,14,3
544,6,3
545,32,1
545,26,3
545,24,4
545,16,4
545,36,3
545,5,4
546,37,4
546,11,3
546,12,3
546,13,3
546,23,3
547,7,2
547,14,5
547,16,4
548,24,5
548,21,1
548,28,4
549,25,4
549,16,4
549,34,3
549,29,1
549,6,4
549,10,2
550,12,3
550,1,5
550,27,4
550,32,5
550,25,2
551,19,1
551,33,4
551,4,1
551,35,2
551,30,3
551,34,3
552,28,4
552,36,2
552,6,2
553,19,3
553,21,5
553,16,5
553,0,5
553,31,2
554,27,3
554,20,2
554,29,1
554,31,1
554,34,5
554,9,1
554,16,5
555,22,2
555,38,1
555,7,2
555,31,1
555,9,4
556,35,2
556,37,5
556,33,5
556,14,2
556,15,5
556,1,3
557,32,3
557,26,5
557,15,2
557,37,2
558,27,5
558,37,4
558,4,3
558,9,2
558,0,5
558,28,4
559,22,1
559,30,1
559,17,4
560,31,4
560,38,1
560,19,4
560,35,2
561,20,3
561,24,5
561,8,1
561,13,3
561,4,5
562,3,3
562,32,2
562,18,5
562,29,2
562,16,3
563,29,1
563,15,3
563,36,5
563,10,2
564,7,2
564,10,4
564,8,4
564,19,2
565,28,5
565,7,5
565,9,4
566,19,5
566,11,2
566,38,4
566,10,5
567,25,5
567,26,1
567,37,5
568,38,4
568,0,1
568,26,4
568,5,1
568,16,1
568,7,5
569,32,3
569,10,4
569,20,1
569,23,2
570,20,3
570,2,5
570,34,4
570,29,1
571,34,4
571,12,1
571,14,3
571,25,2
571,33,4
571,6,1
572,32,1
572,1,1
572,22,2
572,3,1
572,7,1
573,10,3
573,4,1
573,38,5
574,1,1
574,0,3
574,10,1
575,19,4
575,24,2
575,11,2
575,18,1
575,16,3
576,23,1
576,5,2
576,8,3
576,4,2
576,22,2
577,37,2
577,18,4
577,25,2
577,32,4
577,23,3
578,30,4
578,38,5
578,31,4
578,3,4
578,14,1
578,16,2
579,31,5
579,7,5
579,14,5
579,26,4
579,5,4
579,10,5
579,30,5
580,1,5
580,25,5
580,37,4
580,23,1
580,13,3
580,7,2
581,0,1
581,31,1
581,22,4
581,19,1
581,35,3
582,21,3
582,26,4
582,24,4
582,19,2
582,22,5
582,15,2
583,5,2
583,12,1
583,25,3
583,36,1
583,8,1
583,13,1
584,1,4
584,0,3
584,17,5
584,11,3
584,23,2
584,27,3
585,17,1
585,19,4
585,5,5
585,33,3
586,5,2
586,11,2
586,38,1
586,23,3
586,27,1
587,10,1
587,34,4
587,24,4
587,9,2
587,33,2
587,16,5
588,1,3
588,17,5
588,31,2
588,24,4
589,24,5
589,32,5
589,8,2
589,7,4
590,19,4
590,14,3
590,37,3
590,34,4
590,8,5
590,20,2
591,2,1
591,34,5
591,36,3
591,4,3
592,37,3
592,36,4
592,35,1
592,4,2
592,5,3
593,13,2
593,26,3
593,28,3
593,8,1
593,32,1
594,23,1
594,22,2
594,3,1
594,13,2
595,28,1
595,5,1
595,14,3
596,15,5
596,33,2
596,36,2
596,18,2
596,3,5
597,14,3
597,22,3
597,36,4
597,32,4
597,7,3
597,25,4
598,8,1
598,15,3
598,24,3
598,25,2
598,10,5
599,14,2
599,18,4
599,24,1
599,38,3
599,17,2
599,3,1
600,9,5
600,3,5
600,31,3
600,8,5
600,17,5
600,34,4
601,33,3
601,3,4
601,22,1
601,11,1
602,17,5
602,12,4
602,16,3
602,28,5
603,23,2
603,29,1
603,3,2
603,17,1
603,26,5
604,18,5
604,6,1
604,11,3
604,27,1
604,10,3
604,12,4
604,26,5
605,37,1
605,14,3
605,35,4
605,8,3
605,9,3
605,3,2
606,34,4
606,5,2
606,14,2
606,28,1
606,22,1
606,24,3
606,27,5
607,8,3
607,11,2
607,31,3
607,24,2
608,37,3
608,14,2
608,34,5
608,26,2
608,23,1
609,38,4
609,1,3
609,12,3
609,4,3
610,17,5
610,36,1
610,30,4
610,31,4
611,28,1
611,3,2
611,36,2
612,2,3
612,10,5
612,12,4
612,6,2
612,30,1
612,0,1
613,23,3
613,36,2
613,13,5
613,5,3
614,13,1
614,24,5
614,38,4
614,12,4
614,4,4
615,34,2
615,30,1
615,29,5
616,21,1
616,36,1
617,29,3
617,6,2
617,17,2
618,32,4
618,9,4
618,26,1
618,23,1
618,21,4
618,30,3
618,27,5
619,12,4
619,8,1
619,33,4
619,2,2
620,7,3
620,31,5
620,20,5
620,4,3
620,14,4
620,18,3
621,24,5
621,0,3
621,32,1
621,37,5
621,16,5
622,29,4
622,27,2
622,30,4
622,14,2
623,30,2
623,35,5
623,17,5
624,28,2
624,22,4
624,16,1
624,26,3
624,10,5
625,17,5
625,20,1
625,37,4
625,5,5
626,9,5
626,8,3
626,14,4
626,0,1
626,15,3
626,22,3
627,34,3
627,19,1
627,21,5
627,27,4
627,16,4
628,10,1
628,23,1
628,22,3
628,20,1
628,26,1
628,34,1
628,35,4
629,10,1
629,4,2
629,8,5
630,32,5
630,17,1
630,0,3
630,4,3
630,12,2
631,16,5
631,13,1
631,37,2
631,38,3
632,29,2
632,35,5
632,23,1
632,32,1
632,13,4
632,15,3
633,0,1
633,13,2
633,22,2
633,3,5
633,25,1
634,25,5
634,19,2
634,2,4
634,9,3
634,20,4
635,20,4
635,26,4
635,9,5
635,30,3
635,35,2
636,15,4
636,14,2
636,7,4
637,24,4
637,8,1
637,4,3
637,2,3
637,5,3
637,20,3
637,7,1
638,28,5
638,15,4
638,0,3
638,24,5
639,31,2
639,2,2
639,10,2
640,9,5
640,1,5
640,14,3
640,38,3
640,27,5
640,37,1
641,26,5
641,1,5
641,0,4
641,5,5
642,6,4
642,19,4
642,25,5
642,13,5
642,1,5
642,20,2
643,29,5
643,36,2
643,22,2
644,8,2
644,33,5
644,9,3
644,14,3
644,31,4
645,7,3
645,36,1
645,17,2
645,19,4
645,3,2
646,38,5
646,22,1
646,26,2
646,16,4
646,31,3
647,8,4
647,2,4
647,16,1
648,24,5
648,33,4
648,9,1
648,18,4
648,23,3
649,19,3
649,23,4
649,17,5
649,9,4
649,35,2
650,30,5
650,6,3
650,0,3
651,35,2
651,18,3
651,26,5
652,29,4
652,5,4
652,30,1
653,32,1
653,5,2
653,12,3
653,26,2
654,0,4
654,5,2
654,34,2
654,26,3
655,30,2
655,32,1
655,5,5
655,36,5
656,34,2
656,11,5
656,30,3
656,10,1
657,38,1
657,27,4
657,29,1
657,14,3
657,13,4
658,25,2
658,7,4
658,18,2
658,13,2
658,3,1
658,22,2
659,6,3
659,19,4
659,15,2
659,20,1
660,35,2
660,36,5
660,32,1
660,13,4
660,17,1
660,12,5
660,10,2
661,11,5
661,14,1
661,28,2
661,21,3
661,37,5
661,17,5
661,7,1
662,26,4
662,18,2
662,32,3
662,37,5
663,32,3
663,1,2
663,16,1
663,13,3
663,33,4
664,15,1
664,0,1
664,22,3
664,23,1
664,4,5
664,36,4
665,9,2
665,32,3
665,17,5
665,23,4
665,15,1
666,9,2
666,19,4
666,2,5
667,13,2
667,27,4
667,23,1
667,10,5
667,31,4
667,14,2
667,3,3
668,29,1
668,7,3
668,14,5
668,17,1
668,22,4
669,20,1
669,10,5
669,19,5
669,11,3
669,31,2
669,4,5
669,36,4
670,35,3
670,29,2
670,25,2
671,35,2
671,8,5
671,23,3
672,35,5
672,28,1
672,9,2
672,31,1
673,23,4
673,20,3
673,27,3
673,15,3
674,27,4
674,28,3
674,7,5
674,11,5
674,5,3
674,22,5
675,29,5
675,17,1
675,37,4
675,26,4
676,30,4
676,25,1
676,35,2
677,10,4
677,20,2
677,35,3
677,17,4
677,36,5
678,26,4
678,11,4
678,16,1
678,27,4
678,34,1
678,4,1
678,19,4
679,18,2
679,3,5
679,35,4
680,7,3
680,1,2
680,36,1
680,3,1
680,33,1
680,15,5
680,5,2
681,26,3
681,20,2
681,18,3
681,16,5
681,29,3
681,6,1
682,28,4
682,30,1
682,5,5
683,12,1
683,18,3
683,8,5
683,38,4
684,32,5
684,27,5
684,5,2
684,8,3
684,7,1
685,28,3
685,30,1
685,8,1
685,21,5
686,5,1
686,29,1
686,1,2
686,7,1
687,13,4
687,33,4
687,24,5
687,35,2
687,18,1
687,0,5
687,15,3
688,8,5
688,11,1
688,6,2
689,16,2
689,35,1
689,28,3
689,37,5
689,14,3
690,32,3
690,14,4
690,38,2
690,19,4
690,20,2
690,6,1
691,25,5
691,3,2
691,28,3
691,27,5
691,29,4
691,20,2
692,0,4
692,33,1
692,6,2
692,17,1
692,14,2
693,8,5
693,29,4
693,19,2
693,13,5
693,26,4
694,36,5
694,19,4
694,38,1
695,13,2
695,9,5
695,30,4
695,21,4
696,6,1
696,2,1
696,18,3
696,12,5
696,31,4
696,27,1
697,12,5
697,36,2
697,28,4
698,6,4
698,31,2
698,20,1
698,35,3
699,11,2
699,22,5
699,17,1
699,35,1
700,14,2
700,24,3
700,36,3
701,32,4
701,36,4
701,18,2
701,5,5
701,8,3
702,13,3
702,19,4
702,17,1
702,28,5
702,21,2
702,5,2
702,10,4
703,18,5
703,36,5
703,37,2
703,8,5
704,0,3
704,1,4
704,7,2
704,15,5
704,17,3
705,2,1
705,38,2
705,31,1
705,16,1
705,35,3
705,21,5
705,32,2
706,35,5
706,13,1
706,17,1
706,31,4
707,21,3
707,14,5
707,23,2
708,3,3
708,29,2
708,4,5
709,21,1
709,34,4
709,36,2
709,14,3
709,24,1
710,29,1
710,16,4
710,8,3
710,1,2
710,10,1
710,17,5
711,7,1
711,9,1
711,2,3
711,17,2
711,31,2
711,27,3
712,19,2
712,26,1
712,17,1
712,20,5
712,29,5
712,9,1
712,34,4
713,35,5
713,24,1
713,6,1
713,10,3
713,26,2
714,9,2
714,8,3
714,26,5
714,11,5
714,17,3
715,25,1
715,34,4
715,13,5
715,36,4
715,5,2
716,30,1
716,22,5
716,37,2
716,7,2
716,0,5
717,17,4
717,4,4
717,1,5
717,26,5
717,16,2
718,38,3
718,3,1
718,28,1
718,20,1
718,9,1
719,4,3
719,33,1
719,31,1
719,18,3
719,10,5
720,27,1
720,10,2
720,26,4
720,5,3
720,38,1
721,14,5
721,11,2
721,1,1
722,26,2
722,17,2
722,2,3
722,32,2
722,14,4
722,3,2
723,29,2
723,36,3
723,19,2
723,3,5
723,12,2
724,37,3
724,10,2
724,31,4
725,12,3
725,16,5
725,34,1
725,33,4
725,2,1
726,3,1
726,18,2
726,21,2
726,38,2
727,36,2
727,16,2
727,33,2
727,11,1
727,13,4
727,24,1
728,34,5
728,30,5
728,20,3
728,23,2
728,0,5
728,38,3
729,25,1
729,28,3
729,1,1
730,38,4
730,34,3
730,13,4
730,11,1
730,32,1
730,5,1
731,14,3
731,38,5
731,36,2
732,3,3
732,28,5
732,26,3
732,7,5
733,22,1
733,35,2
733,25,1
734,16,1
734,3,3
734,13,3
734,34,3
734,11,3
734,2,3
734,7,4
735,3,1
735,38,4
735,5,2
735,31,2
735,19,3
736,12,4
736,1,3
736,23,2
737,4,1
737,5,5
737,18,4
737,11,3
737,14,5
737,24,2
738,14,2
738,20,3
738,32,1
738,24,3
738,35,3
738,37,1
738,7,2
739,13,5
739,8,3
739,36,3
739,28,1
740,27,3
740,35,1
740,37,4
740,19,2
740,18,4
740,20,3
740,7,3
741,24,4
741,14,2
741,16,4
741,9,3
742,31,2
742,21,4
742,19,2
743,18,2
743,32,3
743,14,5
744,1,4
744,13,1
744,23,2
744,8,5
744,3,2
744,22,4
745,32,2
745,22,2
745,25,3
746,2,3
746,38,1
746,9,4
746,13,2
746,4,1
747,10,3
747,5,3
747,7,4
747,26,2
748,24,4
748,15,5
748,32,2
748,3,1
748,37,5
748,35,3
749,3,4
749,34,2
749,8,5
749,2,4
749,9,3
750,31,4
750,9,3
750,34,3
751,1,3
751,21,5
751,8,2
752,21,2
752,20,3
752,10,2
753,33,3
753,1,5
753,31,1
753,17,3
753,5,2
753,26,5
754,11,3
754,37,2
754,18,3
754,32,5
754,2,1
755,31,2
755,12,1
755,22,3
755,21,4
755,33,5
756,18,5
756,4,3
756,17,5
756,15,1
757,20,3
757,4,5
757,30,5
757,1,5
758,19,1
758,15,1
758,37,5
758,30,2
758,23,4
759,37,4
759,7,3
759,14,2
759,33,1
759,9,1
759,2,1
759,6,5
760,18,3
760,24,2
760,5,5
761,9,4
761,22,5
761,4,1
761,20,1
761,19,1
762,21,4
762,23,1
762,35,5
762,7,2
762,34,3
763,17,3
763,14,2
763,4,5
763,5,4
763,23,2
764,11,5
764,24,4
764,16,3
764,10,4
764,18,2
765,27,4
765,37,1
765,36,4
765,33,2
766,27,2
766,13,4
766,6,1
766,14,1
766,16,2
767,38,3
767,7,4
767,10,1
768,20,5
768,12,5
768,28,1
768,13,5
768,2,2
769,38,5
769,36,2
769,29,3
769,12,4
770,33,2
770,19,5
770,12,2
771,31,3
771,15,1
771,22,1
771,20,1
772,22,4
772,1,5
772,0,1
772,9,3
772,16,4
773,3,4
773,38,1
773,12,2
774,3,3
774,30,5
774,34,3
775,24,5
775,11,5
775,27,1
775,20,2
776,3,4
776,2,5
776,36,4
777,5,4
777,16,1
777,1,1
777,7,1
778,33,2
778,18,4
778,20,2
778,29,3
779,34,5
779,17,4
779,38,3
779,0,2
780,32,5
780,25,3
780,28,2
780,13,1
780,19,1
780,15,1
781,29,5
781,23,1
781,20,3
781,5,4
781,37,3
781,33,1
781,32,3
782,16,5
782,10,5
782,31,4
783,8,2
783,34,3
783,3,3
783,10,2
783,23,2
783,31,1
783,27,1
784,2,2
784,26,1
784,36,5
785,30,4
785,4,3
785,21,2
785,38,3
785,3,1
786,1,4
786,38,4
786,9,5
786,10,1
787,0,1
787,36,5
787,18,1
787,29,5
787,28,1
787,37,1
787,16,2
788,35,3
788,34,3
788,6,4
788,26,5
788,31,1
789,0,1
789,13,1
789,9,5
789,19,2
789,10,4
790,30,1
790,22,2
790,16,2
790,31,3
791,21,1
791,4,3
791,35,5
791,12,5
791,3,2
791,33,4
791,32,3
792,25,5
792,16,2
792,2,2
792,33,2
792,4,4
793,26,5
793,33,5
793,28,1
793,6,3
793,25,3
793,35,5
794,7,5
794,0,2
794,4,3
795,15,4
795,16,1
795,33,4
795,38,4
796,24,5
796,23,1
796,36,1
796,14,3
796,35,3
796,19,2
797,9,3
797,8,2
797,1,2
797,23,2
797,4,1
797,21,1
797,7,2
798,34,3
798,36,2
798,25,1
798,18,1
799,30,2
799,14,5
799,7,1
800,36,1
800,22,3
800,34,4
801,34,2
801,5,4
801,12,2
801,15,2
801,19,1
801,18,2
802,15,1
802,16,4
802,37,4
802,36,3
802,19,4
803,17,4
803,14,1
803,9,3
803,15,5
803,0,1
803,5,3
803,8,5
804,18,2
804,6,2
804,19,1
804,23,2
805,14,5
805,11,4
805,6,1
806,28,5
806,10,4
806,18,3
806,6,2
807,17,2
807,14,4
807,37,1
807,36,4
808,6,5
808,34,1
808,22,1
808,18,2
808,30,4
808,26,2
808,27,3
809,24,5
809,10,5
809,36,1
809,35,4
809,5,2
810,16,2
810,28,4
810,7,4
810,9,1
810,19,4
810,29,5
810,37,2
811,35,5
811,24,1
811,12,2
811,10,3
811,31,1
812,17,5
812,25,5
812,37,5
812,0,4
812,7,4
812,14,1
813,35,3
813,37,4
813,5,3
814,11,1
814,10,1
814,36,1
814,27,1
814,1,3
814,12,3
815,32,2
815,35,4
815,9,2
815,14,5
816,4,5
816,21,4
816,6,2
816,12,4
816,14,3
817,33,4
817,31,5
817,37,5
817,14,2
817,5,3
818,0,1
818,14,2
818,23,1
818,16,2
819,15,1
819,16,1
819,29,2
819,21,4
820,19,3
820,24,1
820,31,4
821,20,4
821,13,2
821,34,3
821,11,2
821,38,3
822,35,1
822,3,2
822,10,4
823,1,4
823,2,4
823,34,2
824,26,2
824,38,5
824,18,2
824,35,4
824,15,5
824,0,5
824,4,1
825,3,5
825,10,3
825,8,3
825,20,5
825,37,3
825,0,1
825,31,4
826,11,1
826,18,5
826,0,2
826,29,1
826,32,3
826,3,2
827,3,3
827,38,4
827,24,2
827,34,5
827,27,1
827,33,2
828,4,2
828,8,5
828,36,4
828,10,3
828,28,5
829,13,5
829,31,1
829,33,4
829,10,5
829,25,4
830,29,4
830,4,3
830,24,1
830,30,2
831,34,3
831,8,4
831,5,3
831,17,4
831,3,1
832,24,5
832,0,1
832,35,1
832,34,4
833,32,1
833,6,2
833,35,1
833,29,1
833,31,4
833,27,2
834,9,4
834,22,5
835,4,4
835,25,3
835,10,3
836,35,1
836,0,2
836,23,3
836,33,1
836,37,5
837,13,3
837,2,1
837,5,1
838,22,1
838,7,4
838,12,5
839,23,5
839,26,2
839,38,1
839,35,1
840,23,3
840,32,3
840,36,4
840,24,3
841,10,4
841,38,1
841,31,1
841,26,5
842,10,2
842,12,5
842,28,2
842,37,3
843,9,3
843,31,2
843,8,3
843,35,1
843,5,2
843,34,4
844,38,5
844,12,3
844,11,4
844,33,5
844,13,5
844,0,5
844,26,5
845,33,5
845,31,1
845,13,1
846,33,1
846,27,2
846,37,2
847,30,1
847,0,4
848,16,2
848,28,4
848,14,3
848,37,1
849,33,5
849,30,3
849,8,2
849,15,3
849,19,1
850,35,5
850,19,5
850,17,2
850,11,3
851,34,2
851,7,3
851,28,1
852,12,3
852,6,2
852,13,5
853,22,1
853,14,5
853,35,2
854,28,2
854,9,3
854,14,5
854,18,4
854,2,3
854,20,5
855,24,3
855,30,1
855,33,3
855,26,1
855,31,3
856,27,5
856,6,2
856,35,2
856,24,5
856,34,5
857,9,2
857,34,4
857,10,4
857,24,4
857,30,4
858,33,4
858,26,5
858,12,3
859,34,3
859,8,5
859,19,1
859,6,1
859,35,5
860,34,5
860,35,4
860,38,1
860,28,2
860,10,5
860,11,4
861,28,5
861,32,3
861,18,3
861,24,1
861,16,4
861,27,1
861,8,4
862,2,3
862,8,2
862,5,1
862,23,2
862,9,1
863,12,4
863,2,1
863,23,3
863,5,3
864,18,3
864,25,1
864,14,2
864,6,4
865,15,5
865,7,4
865,25,3
865,16,1
866,30,5
866,8,2
866,31,3
867,1,3
867,20,1
867,23,5
867,14,4
867,28,5
867,16,3
868,0,1
868,2,2
868,38,1
869,8,1
869,7,3
869,17,1
869,15,1
869,23,1
869,28,5
870,33,2
870,19,1
870,12,5
870,6,5
871,3,2
871,27,4
871,0,4
872,5,2
872,12,3
872,0,4
872,11,4
872,6,3
873,2,4
873,31,4
873,20,2
873,23,5
873,21,5
874,10,3
874,2,3
874,17,1
874,28,3
875,8,4
875,26,3
875,30,1
875,16,3
875,17,5
875,14,5
876,4,5
876,19,5
876,25,3
876,35,2
876,38,5
877,38,5
877,5,3
877,32,4
877,2,2
877,13,2
878,0,1
878,35,4
878,37,3
879,27,1
879,33,3
879,28,4
879,21,1
879,8,3
879,7,4
880,38,3
880,13,3
880,9,5
881,22,5
881,5,2
881,34,5
881,6,2
881,36,1
881,38,5
882,34,1
882,30,5
882,3,1
882,38,2
883,1,4
883,35,4
883,4,1
883,0,1
884,18,4
884,25,1
884,31,2
884,12,1
884,34,5
885,21,4
885,38,4
885,29,5
885,0,1
885,6,3
886,4,1
886,36,3
886,23,5
886,17,1
887,15,3
887,2,4
887,7,3
887,9,1
887,29,3
887,26,5
887,8,1
888,32,3
888,15,5
888,5,4
888,34,1
888,19,5
889,7,2
889,34,4
889,9,1
889,2,4
889,19,4
889,33,3
889,36,4
890,12,2
890,35,5
890,10,1
891,31,1
891,16,2
891,35,4
891,15,5
891,27,2
892,10,2
892,11,2
892,28,2
892,29,1
893,29,1
893,8,2
893,19,5
894,8,4
894,22,1
894,21,3
894,6,2
895,26,2
895,14,3
895,16,2
896,27,5
896,31,2
896,18,4
896,9,4
897,38,2
897,0,4
897,16,3
897,7,5
897,11,5
897,27,3
898,5,2
898,29,3
898,4,4
898,18,3
899,33,1
899,9,5
899,29,3
899,26,1
899,30,5
899,6,4
900,8,5
900,4,2
900,12,3
900,36,4
901,0,4
901,7,4
901,31,2
901,32,1
901,24,5
902,1,1
902,6,2
902,11,3
902,13,3
902,18,1
902,28,2
903,20,2
903,6,1
903,32,3
903,21,2
903,29,3
904,26,1
904,11,5
904,16,3
904,35,1
905,1,1
905,16,1
905,35,2
905,10,3
905,6,3
906,30,4
906,11,5
906,2,1
906,12,4
907,9,2
907,27,2
907,16,2
908,36,5
908,1,2
908,2,1
908,22,5
908,18,2
909,12,2
909,38,4
909,11,4
910,9,4
910,21,2
910,25,2
911,14,3
911,22,3
911,13,1
911,36,2
911,18,5
911,4,1
912,7,4
912,31,5
912,2,3
912,9,2
912,33,3
912,30,1
913,29,5
913,8,1
913,15,5
913,4,2
913,11,3
913,1,1
913,36,4
914,9,3
914,38,1
914,12,3
914,26,5
915,34,5
915,10,2
915,12,4
915,36,1
915,13,1
916,27,5
916,38,3
916,10,4
916,17,2
917,20,1
917,38,1
917,14,5
917,23,1
917,3,4
918,28,3
918,13,3
918,3,1
918,34,1
918,15,1
919,23,1
919,32,4
919,18,5
919,13,2
919,10,3
919,35,3
919,12,1
920,37,4
920,3,1
920,20,2
920,10,2
921,14,1
921,13,5
921,0,2
921,35,1
922,10,2
922,22,2
922,4,4
922,11,2
923,20,5
923,29,2
923,11,5
924,22,4
924,37,3
924,36,3
924,2,4
924,5,3
924,20,4
924,25,5
925,31,2
925,2,1
925,22,3
926,11,4
926,14,3
926,38,2
926,35,1
926,6,3
927,30,2
927,11,5
927,27,2
927,10,1
927,26,5
928,26,4
928,22,1
928,16,2
928,20,4
929,25,5
929,17,1
929,10,1
929,36,5
929,20,2
929,23,1
929,6,1
930,31,1
930,0,2
930,33,3
930,20,3
930,9,3
930,19,4
931,21,5
931,24,4
931,12,2
931,38,4
932,35,3
932,13,5
932,5,1
932,34,5
932,30,3
932,10,4
933,30,1
933,13,2
933,1,1
933,27,2
933,4,5
934,19,2
934,1,1
934,21,5
934,32,5
934,34,1
934,30,3
935,14,5
935,31,2
935,19,1
935,4,3
935,1,3
936,13,3
936,6,1
936,5,1
936,20,1
937,35,5
937,21,1
937,0,3
937,33,4
937,15,2
938,15,2
938,26,3
938,0,2
938,35,1
939,10,5
939,30,4
939,24,1
940,30,1
940,3,3
941,18,4
941,13,5
941,35,5
941,23,3
941,12,5
941,4,2
942,21,1
942,33,5
942,30,3
943,26,3
943,10,5
943,29,2
943,5,5
944,28,5
944,10,3
944,4,4
944,3,2
944,25,3
945,18,4
945,36,1
945,35,5
946,36,1
946,17,5
946,19,3
946,34,3
946,0,2
947,10,5
947,36,1
947,11,3
947,2,2
948,2,2
948,17,1
948,29,2
949,34,2
949,36,1
949,8,4
949,27,2
949,3,1
950,31,1
950,12,1
950,13,1
950,14,2
950,28,3
950,11,3
950,1,5
951,6,3
951,26,5
951,28,4
952,17,1
952,36,4
952,37,2
953,29,2
953,2,4
953,31,3
953,33,4
953,6,3
954,26,3
954,6,1
954,0,3
954,24,3
954,31,3
954,13,1
955,35,4
955,30,5
955,28,4
955,24,5
955,1,2
955,10,3
956,35,3
956,32,1
956,12,1
956,1,5
957,17,2
957,3,2
957,12,4
958,12,2
958,31,5
958,6,5
959,21,5
959,38,1
959,18,1
960,38,4
960,19,2
960,22,1
961,17,3
961,3,5
961,31,1
961,25,5
961,20,2
962,36,5
962,27,3
962,3,1
962,0,3
962,8,4
962,28,2
962,30,5
963,16,2
963,36,3
963,34,4
963,30,1
963,18,3
964,15,2
964,33,1
964,17,1
964,1,4
965,7,1
965,18,2
965,3,5
965,35,4
966,7,3
966,10,5
966,37,2
966,38,5
966,15,1
967,20,2
967,7,1
967,26,2
967,23,5
967,34,3
968,17,4
968,5,3
968,32,1
969,15,1
969,24,4
969,20,3
970,35,1
970,29,5
970,8,1
970,15,1
970,7,5
971,17,5
971,29,2
971,16,1
971,4,4
971,11,3
971,32,4
971,10,1
972,31,3
972,25,5
972,10,3
972,33,1
973,13,5
973,15,4
973,7,2
973,20,4
973,38,1
974,18,5
974,31,1
974,33,1
974,35,4
974,14,4
975,33,4
975,37,1
975,6,1
975,3,5
976,29,1
976,20,4
976,19,4
976,9,5
976,4,4
977,15,2
977,13,4
977,37,5
977,21,2
977,3,2
977,9,5
978,0,3
978,15,5
978,18,4
978,34,4
979,37,5
979,8,3
979,22,5
979,23,2
980,4,1
980,17,5
980,19,1
980,6,5
980,18,5
981,18,1
981,33,4
982,14,2
982,11,2
982,7,5
982,27,1
983,30,5
983,1,2
983,13,4
983,24,2
983,36,5
983,26,4
984,16,3
984,2,2
984,10,2
984,30,5
984,13,5
985,37,2
985,3,4
985,21,1
985,9,3
985,34,2
986,22,2
986,24,2
986,18,1
986,1,3
986,37,2
986,15,2
987,34,1
987,0,3
987,29,2
987,11,5
988,30,4
988,0,4
988,12,3
988,38,1
988,26,3
988,17,1
989,10,1
989,25,4
989,36,4
989,5,4
990,31,3
990,29,3
990,20,4
990,10,4
990,22,1
990,7,5
991,11,4
991,10,2
991,30,5
991,24,1
991,22,2
992,14,5
992,35,3
992,37,5
992,36,4
992,29,5
992,33,3
992,17,4
993,5,2
993,13,5
993,26,2
993,17,5
994,35,2
994,34,4
994,7,3
994,11,4
995,25,1
995,27,1
995,24,5
995,36,2
995,2,3
995,11,2
996,14,5
996,26,1
996,15,1
996,20,3
996,18,2
997,37,1
997,9,3
997,14,3
998,5,5
998,19,5
998,15,2
998,14,3
999,38,1
999,13,5
999,9,3
999,29,4
999,28,1
999,25,1
